timestamp,region,area,Long_X,Lat_Y,temp,humidity,wind,rain,FFMC,DMC,DC,ISI,nino34_sst,fire
6/1/2012,Bejaia,ne,5.057341889254348,36.76264603,29,57,18,0,65.7,3.4,7.6,1.3,27.7,0
6/2/2012,Bejaia,ne,5.048337817608976,36.76426827006115,29,61,13,1.3,64.4,4.1,7.6,1,27.7,0
6/3/2012,Bejaia,ne,5.061342814565436,36.76311671325421,26,82,22,13.1,47.1,2.5,7.1,0.3,27.7,0
6/4/2012,Bejaia,ne,5.065366115085193,36.762924724660394,25,89,13,2.5,28.6,1.3,6.9,0,27.7,0
6/5/2012,Bejaia,ne,5.053013355822329,36.76208362359934,27,77,16,0,64.8,3,14.2,1.2,27.7,0
6/6/2012,Bejaia,ne,5.073351449280862,36.76910833125804,31,67,14,0,82.6,5.8,22.2,3.1,27.7,1
6/7/2012,Bejaia,ne,5.049861625645552,36.767298418132064,33,54,13,0,88.2,9.9,30.5,6.4,27.7,1
6/8/2012,Bejaia,ne,5.071038389102631,36.76627850654522,30,73,15,0,86.6,12.1,38.3,5.6,27.7,1
6/9/2012,Bejaia,ne,5.067561665254361,36.76925494548227,25,88,13,0.2,52.9,7.9,38.8,0.4,27.7,0
6/10/2012,Bejaia,ne,5.0556017435828124,36.765316377254635,28,79,12,0,73.2,9.5,46.3,1.3,27.7,0
6/11/2012,Bejaia,ne,5.061933794223682,36.76709313990515,31,65,14,0,84.5,12.5,54.3,4,27.7,1
6/12/2012,Bejaia,ne,5.056757358067822,36.76504110782743,26,81,19,0,84,13.8,61.4,4.8,27.7,1
6/13/2012,Bejaia,ne,5.073434360639441,36.766105734483794,27,84,21,1.2,50,6.7,17,0.5,28,0
6/14/2012,Bejaia,ne,5.056610785,36.764832168340675,30,78,20,0.5,59,4.6,7.8,1,28,0
6/15/2012,Bejaia,ne,5.058518510606659,36.763468491362694,28,80,17,3.1,49.4,3,7.4,0.4,28,0
6/16/2012,Bejaia,ne,5.0647303729128215,36.766093987239756,29,89,13,0.7,36.1,1.7,7.6,0,28,0
6/17/2012,Bejaia,ne,5.067086053415362,36.762710855238595,30,89,16,0.6,37.3,1.1,7.8,0,28,0
6/18/2012,Bejaia,ne,5.069308208805156,36.76652992630445,31,78,14,0.3,56.9,1.9,8,0.7,28,0
6/19/2012,Bejaia,ne,5.049119952405215,36.76672047606771,31,55,16,0.1,79.9,4.5,16,2.5,28,0
6/20/2012,Bejaia,ne,5.068854145642673,36.76854966105242,30,80,16,0.4,59.8,3.4,27.1,0.9,28.2,0
6/21/2012,Bejaia,ne,5.051221346508931,36.770150636779945,30,78,14,0,81,6.3,31.6,2.6,28.2,1
6/22/2012,Bejaia,ne,5.060272372711079,36.76961459940678,31,67,17,0.1,79.1,7,39.5,2.4,28.2,0
6/23/2012,Bejaia,ne,5.056803848666146,36.76287522571672,32,62,18,0.1,81.4,8.2,47.7,3.3,28.2,1
6/24/2012,Bejaia,ne,5.068007137008455,36.76217253533248,32,66,17,0,85.9,11.2,55.8,5.6,28.2,1
6/25/2012,Bejaia,ne,5.051680878442421,36.764636982848366,31,64,15,0,86.7,14.2,63.8,5.7,28.2,1
6/26/2012,Bejaia,ne,5.057255350948014,36.762931442633224,31,64,18,0,86.8,17.8,71.8,6.7,28.2,1
6/27/2012,Bejaia,ne,5.060644002176768,36.763972158222714,34,53,18,0,89,21.6,80.3,9.2,28,1
6/28/2012,Bejaia,ne,5.048396514437579,36.76417417708481,32,55,14,0,89.1,25.5,88.5,7.6,28,1
6/29/2012,Bejaia,ne,5.073311834121385,36.761719431148464,32,47,13,0.3,79.9,18.4,84.4,2.2,28,0
6/30/2012,Bejaia,ne,5.069111905883296,36.76847390146707,33,50,14,0,88.7,22.9,92.8,7.2,28,1
7/1/2012,Bejaia,ne,5.0685330394929995,36.76864201281957,29,68,19,1,59.9,2.5,8.6,1.1,28,0
7/2/2012,Bejaia,ne,5.049330903859118,36.76955500374771,27,75,19,1.2,55.7,2.4,8.3,0.8,28,0
7/3/2012,Bejaia,ne,5.051404310449242,36.76489277368661,32,76,20,0.7,63.1,2.6,9.2,1.3,28,0
7/4/2012,Bejaia,ne,5.066671986971619,36.76760570961716,33,78,17,0,80.1,4.6,18.5,2.7,27.7,0
7/5/2012,Bejaia,ne,5.055346579434421,36.765854200370775,33,66,14,0,85.9,7.6,27.9,4.8,27.7,1
7/6/2012,Bejaia,ne,5.058547640340318,36.76247074724399,32,63,14,0,87,10.9,37,5.6,27.7,1
7/7/2012,Bejaia,ne,5.068608333332457,36.76235284367792,35,64,18,0.2,80,9.7,40.4,2.8,27.7,0
7/8/2012,Bejaia,ne,5.068345948,36.76973515635269,33,68,19,0,85.6,12.5,49.8,6,27.7,1
7/9/2012,Bejaia,ne,5.069216247886816,36.76784239268683,32,68,14,1.4,66.6,7.7,9.2,1.1,27.7,0
7/10/2012,Bejaia,ne,5.073832601210651,36.76789553423908,33,69,13,0.7,66.6,6,9.3,1.1,27.7,0
7/11/2012,Bejaia,ne,5.053124802153484,36.76698998722135,33,76,14,0,81.1,8.1,18.7,2.6,27.2,0
7/12/2012,Bejaia,ne,5.055659289543783,36.76206232486686,31,75,13,0.1,75.1,7.9,27.7,1.5,27.2,0
7/13/2012,Bejaia,ne,5.053444281731731,36.76717801867552,34,81,15,0,81.8,9.7,37.2,3,27.2,0
7/14/2012,Bejaia,ne,5.053707012338858,36.76202215169509,34,61,13,0.6,73.9,7.8,22.9,1.4,27.2,0
7/15/2012,Bejaia,ne,5.050591143,36.761626903011276,30,80,19,0.4,60.7,5.2,17,1.1,27.2,0
7/16/2012,Bejaia,ne,5.0539264757291384,36.76432804540883,28,76,21,0,72.6,7,25.5,0.7,27.2,0
7/17/2012,Bejaia,ne,5.069467290568546,36.76896244230556,29,70,14,0,82.8,9.4,34.1,3.2,27.2,1
7/18/2012,Bejaia,ne,5.052223082105154,36.76714823774845,31,68,14,0,85.4,12.1,43.1,4.6,27.4,1
7/19/2012,Bejaia,ne,5.056729080100133,36.76965486855742,35,59,17,0,88.1,12,52.8,7.7,27.4,1
7/20/2012,Bejaia,ne,5.067346874741948,36.76495790010291,33,65,15,0.1,81.4,12.3,62.1,2.8,27.4,1
7/21/2012,Bejaia,ne,5.0655221299065545,36.763298063358995,33,70,17,0,85.4,18.5,71.5,5.2,27.4,1
7/22/2012,Bejaia,ne,5.072078729595896,36.76284287469881,28,79,18,0.1,73.4,16.4,79.9,1.8,27.4,0
7/23/2012,Bejaia,ne,5.064143869097413,36.76218476883941,27,66,22,0.4,68.2,10.5,71.3,1.8,27.4,0
7/24/2012,Bejaia,ne,5.054478661508186,36.765694817444924,28,78,16,0.1,70,9.6,79.7,1.4,27.4,0
7/25/2012,Bejaia,ne,5.052213150688961,36.76207136,31,65,18,0,84.3,12.5,88.7,4.8,27.6,1
7/26/2012,Bejaia,ne,5.059806183336963,36.76499911465615,36,53,19,0,89.2,17.1,98.6,10,27.6,1
7/27/2012,Bejaia,ne,5.062424515283799,36.76840408420218,36,48,13,0,90.3,22.2,108.5,8.7,27.6,1
7/28/2012,Bejaia,ne,5.051984133856057,36.76216476002947,33,76,15,0,86.5,24.4,117.8,5.6,27.6,1
7/29/2012,Bejaia,ne,5.060140118486143,36.76519823851498,32,73,15,0,86.6,26.7,127,5.6,27.6,1
7/30/2012,Bejaia,ne,5.052492173183937,36.76943103053195,31,79,15,0,85.4,28.5,136,4.7,27.6,1
7/31/2012,Bejaia,ne,5.052175187811286,36.769841512500136,35,64,17,0,87.2,31.9,145.7,6.8,27.6,1
8/1/2012,Bejaia,ne,5.069493226140777,36.765169144026146,36,45,14,0,78.8,4.8,10.2,2,27.6,0
8/2/2012,Bejaia,ne,5.0726282926972965,36.76760725855184,35,55,12,0.4,78,5.8,10,1.7,27.6,0
8/3/2012,Bejaia,ne,5.072145168380198,36.765823263732884,35,63,14,0.3,76.6,5.7,10,1.7,27.6,0
8/4/2012,Bejaia,ne,5.063417711847923,36.762853732577206,34,69,13,0,85,8.2,19.8,4,27.6,1
8/5/2012,Bejaia,ne,5.073257163995499,36.76254924858186,34,65,13,0,86.8,11.1,29.7,5.2,27.6,1
8/6/2012,Bejaia,ne,5.053747645342343,36.76634141811719,32,75,14,0,86.4,13,39.1,5.2,27.6,1
8/7/2012,Bejaia,ne,5.060625857750119,36.762182201006155,32,69,16,0,86.5,15.5,48.6,5.5,27.6,1
8/8/2012,Bejaia,ne,5.062194122130664,36.76995232504949,32,60,18,0.3,77.1,11.3,47,2.2,27.7,0
8/9/2012,Bejaia,ne,5.064269624900841,36.76624565108907,35,59,17,0,87.4,14.8,57,6.9,27.7,1
8/10/2012,Bejaia,ne,5.0552009373249085,36.769115850740995,35,55,14,0,88.9,18.6,67,7.4,27.7,1
8/11/2012,Bejaia,ne,5.051872294314418,36.76213317409947,35,63,13,0,88.9,21.7,77,7.1,27.7,1
8/12/2012,Bejaia,ne,5.071606139030498,36.764846081113426,35,51,13,0.3,81.3,15.6,75.1,2.5,27.7,0
8/13/2012,Bejaia,ne,5.061383972185364,36.76513705920123,35,63,15,0,87,19,85.1,5.9,27.7,1
8/14/2012,Bejaia,ne,5.069164188578002,36.761813144489615,33,66,14,0,87,21.7,94.7,5.7,27.7,1
8/15/2012,Bejaia,ne,5.055554656671855,36.76973306312977,36,55,13,0.3,82.4,15.6,92.5,3.7,27.3,1
8/16/2012,Bejaia,ne,5.049514461684831,36.76189457755934,36,61,18,0.3,80.2,11.7,90.4,2.8,27.3,1
8/17/2012,Bejaia,ne,5.056129250808711,36.76436112381572,37,52,18,0,89.3,16,100.7,9.7,27.3,1
8/18/2012,Bejaia,ne,5.063434784744967,36.76704821932047,36,54,18,0,89.4,20,110.9,9.7,27.3,1
8/19/2012,Bejaia,ne,5.060926286466733,36.76368972104093,35,62,19,0,89.4,23.2,120.9,9.7,27.3,1
8/20/2012,Bejaia,ne,5.057793242718781,36.76966843370488,35,68,19,0,88.3,25.9,130.6,8.8,27.3,1
8/21/2012,Bejaia,ne,5.049001785596782,36.763814452660895,36,58,19,0,88.6,29.6,141.1,9.2,27.3,1
8/22/2012,Bejaia,ne,5.068401759,36.76999228474485,36,55,18,0,89.1,33.5,151.3,9.9,27.3,1
8/23/2012,Bejaia,ne,5.059642394708278,36.76731116,36,53,16,0,89.5,37.6,161.5,10.4,27.3,1
8/24/2012,Bejaia,ne,5.059624259069275,36.76608247645952,34,64,14,0,88.9,40.5,171.3,9,27.3,1
8/25/2012,Bejaia,ne,5.070407807609897,36.769019769132434,35,60,15,0,88.9,43.9,181.3,8.2,27.3,1
8/26/2012,Bejaia,ne,5.0729062065900346,36.767189446982336,31,78,18,0,85.8,45.6,190.6,4.7,27.3,1
8/27/2012,Bejaia,ne,5.064823937207305,36.76947656411441,33,82,21,0,84.9,47,200.2,4.4,27.3,1
8/28/2012,Bejaia,ne,5.066046684737086,36.76490164035972,34,64,16,0,89.4,50.2,210.4,7.3,27.3,1
8/29/2012,Bejaia,ne,5.072241718412418,36.76478702,35,48,18,0,90.1,54.2,220.4,12.5,28.1,1
8/30/2012,Bejaia,ne,5.053017184,36.76288233,35,70,17,0.8,72.7,25.2,180.4,1.7,28.1,0
8/31/2012,Bejaia,ne,5.053597616936252,36.76824842016636,28,80,21,16.8,52.5,8.7,8.7,0.6,28.1,0
9/1/2012,Bejaia,ne,5.052891755520722,36.76581649,25,76,17,7.2,46,1.3,7.5,0.2,28.1,0
9/2/2012,Bejaia,ne,5.062235714,36.76527706023366,22,86,15,10.1,30.5,0.7,7,0,28.1,0
9/3/2012,Bejaia,ne,5.0743426813709505,36.766365387114824,25,78,15,3.8,42.6,1.2,7.5,0.1,28.1,0
9/4/2012,Bejaia,ne,5.053775634181463,36.76341992786075,29,73,17,0.1,68.4,1.9,15.7,1.4,28.1,0
9/5/2012,Bejaia,ne,5.057439650497636,36.762192534786905,29,75,16,0,80.8,3.4,24,2.8,27.8,1
9/6/2012,Bejaia,ne,5.063994349808781,36.76380694635243,29,74,19,0.1,75.8,3.6,32.2,2.1,27.8,0
9/7/2012,Bejaia,ne,5.047982163377666,36.76697622736356,31,71,17,0.3,69.6,3.2,30.1,1.5,27.8,0
9/8/2012,Bejaia,ne,5.063054913406769,36.762279636794936,30,73,17,0.9,62,2.6,8.4,1.1,27.8,0
9/9/2012,Bejaia,ne,5.061565141094231,36.76439507330127,30,77,15,1,56.1,2.1,8.4,0.7,27.8,0
9/10/2012,Bejaia,ne,5.051306480136522,36.76193031534091,33,73,12,1.8,59.9,2.2,8.9,0.7,27.8,0
9/11/2012,Bejaia,ne,5.064725546623186,36.76818983155663,30,77,21,1.8,58.5,1.9,8.4,1.1,27.8,0
9/12/2012,Bejaia,ne,5.052242879205582,36.76871349810267,29,88,13,0,71,2.6,16.6,1.2,26.9,0
9/13/2012,Bejaia,ne,5.062874989425718,36.76861833,25,86,21,4.6,40.9,1.3,7.5,0.1,26.9,0
9/14/2012,Bejaia,ne,5.058734877226118,36.769401109410815,22,76,26,8.3,47.4,1.1,7,0.4,26.9,0
9/15/2012,Bejaia,ne,5.059214864980029,36.76656509056407,24,82,15,0.4,44.9,0.9,7.3,0.2,26.9,0
9/16/2012,Bejaia,ne,5.067328678772068,36.764320895348526,30,65,14,0,78.1,3.2,15.7,1.9,26.9,0
9/17/2012,Bejaia,ne,5.053281562814208,36.769887484133335,31,52,14,0,87.7,6.4,24.3,6.2,26.9,1
9/18/2012,Bejaia,ne,5.053632733788118,36.76259821092123,32,49,11,0,89.4,9.8,33.1,6.8,26.9,1
9/19/2012,Bejaia,ne,5.050389498315235,36.76249326912619,29,57,14,0,89.3,12.5,41.3,7.8,26.7,1
9/20/2012,Bejaia,ne,5.063634159983072,36.76706074621666,28,84,18,0,83.8,13.5,49.3,4.5,26.7,1
9/21/2012,Bejaia,ne,5.073473736243936,36.76933734659123,31,55,11,0,87.8,16.5,57.9,5.4,26.7,1
9/22/2012,Bejaia,ne,5.069414065768395,36.76683919540732,31,50,19,0.6,77.8,10.6,41.4,2.4,26.7,0
9/23/2012,Bejaia,ne,5.067391156897408,36.76579489670027,32,54,11,0.5,73.7,7.9,30.4,1.2,26.7,0
9/24/2012,Bejaia,ne,5.048974868138961,36.762430612177944,29,65,19,0.6,68.3,5.5,15.2,1.5,26.7,0
9/25/2012,Bejaia,ne,5.071562898377395,36.767121643793494,26,81,21,5.8,48.6,3,7.7,0.4,26.7,0
9/26/2012,Bejaia,ne,5.049603559135221,36.76958251025094,31,54,11,0,82,6,16.3,2.5,27,0
9/27/2012,Bejaia,ne,5.050126401744562,36.76205164901806,31,66,11,0,85.7,8.3,24.9,4,27,1
9/28/2012,Bejaia,ne,5.049131974018574,36.76665464978622,32,47,14,0.7,77.5,7.1,8.8,1.8,27,0
9/29/2012,Bejaia,ne,5.069592919120202,36.76167215203525,26,80,16,1.8,47.4,2.9,7.7,0.3,27,0
9/30/2012,Bejaia,ne,5.066147232033467,36.76889396749167,25,78,14,1.4,45,1.9,7.5,0.2,27,0
6/1/2012,Sidi-Bel Abbes,nw,-0.328490225,35.148687058398785,32,71,12,0.7,57.1,2.5,8.2,0.6,27.7,0
6/2/2012,Sidi-Bel Abbes,nw,-0.371077868,35.100696051457135,30,73,13,4,55.7,2.7,7.8,0.6,27.7,0
6/3/2012,Sidi-Bel Abbes,nw,-0.32682992,35.12914424340568,29,80,14,2,48.7,2.2,7.6,0.3,27.7,0
6/4/2012,Sidi-Bel Abbes,nw,-0.313724248,35.17316943699359,30,64,14,0,79.4,5.2,15.4,2.2,27.7,0
6/5/2012,Sidi-Bel Abbes,nw,-0.330743089,35.15299958,32,60,14,0.2,77.1,6,17.6,1.8,27.7,0
6/6/2012,Sidi-Bel Abbes,nw,-0.362852543,35.16884008897283,35,54,11,0.1,83.7,8.4,26.3,3.1,27.7,1
6/7/2012,Sidi-Bel Abbes,nw,-0.381644536,35.176460047399715,35,44,17,0.2,85.6,9.9,28.9,5.4,27.7,1
6/8/2012,Sidi-Bel Abbes,nw,-0.32316329,35.12446023869457,28,51,17,1.3,71.4,7.7,7.4,1.5,27.7,0
6/9/2012,Sidi-Bel Abbes,nw,-0.327724561,35.11051006435563,27,59,18,0.1,78.1,8.5,14.7,2.4,27.7,0
6/10/2012,Sidi-Bel Abbes,nw,-0.321355789,35.18523727494045,30,41,15,0,89.4,13.3,22.5,8.4,27.7,1
6/11/2012,Sidi-Bel Abbes,nw,-0.356147586,35.19629883655124,31,42,21,0,90.6,18.2,30.5,13.4,27.7,1
6/12/2012,Sidi-Bel Abbes,nw,-0.34136182,35.19275223813938,27,58,17,0,88.9,21.3,37.8,8.7,27.7,1
6/13/2012,Sidi-Bel Abbes,nw,-0.374254669,35.12993228367572,30,52,15,2,72.3,11.4,7.8,1.4,28,0
6/14/2012,Sidi-Bel Abbes,nw,-0.324469767,35.15007739,27,79,16,0.7,53.4,6.4,7.3,0.5,28,0
6/15/2012,Sidi-Bel Abbes,nw,-0.348580828,35.126881533438365,28,90,15,0,66.8,7.2,14.7,1.2,28,0
6/16/2012,Sidi-Bel Abbes,nw,-0.371499609,35.18975982485628,29,87,15,0.4,47.4,4.2,8,0.2,28,0
6/17/2012,Sidi-Bel Abbes,nw,-0.360938954,35.10145352665326,31,69,17,4.7,62.2,3.9,8,1.1,28,0
6/18/2012,Sidi-Bel Abbes,nw,-0.36323398,35.15168081741116,33,62,10,8.7,65.5,4.6,8.3,0.9,28,0
6/19/2012,Sidi-Bel Abbes,nw,-0.362622066,35.116891940715085,32,67,14,4.5,64.6,4.4,8.2,1,28,0
6/20/2012,Sidi-Bel Abbes,nw,-0.362429964,35.114798190416856,31,72,14,0.2,60.2,3.8,8,0.8,28.2,0
6/21/2012,Sidi-Bel Abbes,nw,-0.371733355,35.17396290684876,32,55,14,0,86.2,8.3,18.4,5,28.2,1
6/22/2012,Sidi-Bel Abbes,nw,-0.388165273,35.13835607736495,33,46,14,1.1,78.3,8.1,8.3,1.9,28.2,0
6/23/2012,Sidi-Bel Abbes,nw,-0.390781279,35.129877643699075,33,59,16,0.8,74.2,7,8.3,1.6,28.2,0
6/24/2012,Sidi-Bel Abbes,nw,-0.344541945,35.14598085830469,35,68,16,0,85.3,10,17,4.9,28.2,1
6/25/2012,Sidi-Bel Abbes,nw,-0.303913199,35.18435516858307,34,70,16,0,86,12.8,25.6,5.4,28.2,1
6/26/2012,Sidi-Bel Abbes,nw,-0.338831466,35.15973562,36,62,16,0,87.8,16.5,34.5,7,28.2,1
6/27/2012,Sidi-Bel Abbes,nw,-0.385716692,35.184984857808885,36,55,15,0,89.1,20.9,43.3,8,28,1
6/28/2012,Sidi-Bel Abbes,nw,-0.378947808,35.16888225776588,37,37,13,0,92.5,27.2,52.4,11.7,28,1
6/29/2012,Sidi-Bel Abbes,nw,-0.377171954,35.17320071366544,37,36,13,0.6,86.2,17.9,36.7,4.8,28,1
6/30/2012,Sidi-Bel Abbes,nw,-0.368146883,35.13242044377883,34,42,15,1.7,79.7,12,8.5,2.2,28,0
7/1/2012,Sidi-Bel Abbes,nw,-0.391476157,35.150096176573214,28,58,18,2.2,63.7,3.2,8.5,1.2,28,0
7/2/2012,Sidi-Bel Abbes,nw,-0.33013376,35.19836319026682,33,48,16,0,87.6,7.9,17.8,6.8,28,1
7/3/2012,Sidi-Bel Abbes,nw,-0.343386786,35.186385834592535,34,56,17,0.1,84.7,9.7,27.3,4.7,28,1
7/4/2012,Sidi-Bel Abbes,nw,-0.332721812,35.19064012,34,58,18,0,88,13.6,36.8,8,27.7,1
7/5/2012,Sidi-Bel Abbes,nw,-0.34883427,35.164455794034026,34,45,18,0,90.5,18.7,46.4,11.3,27.7,1
7/6/2012,Sidi-Bel Abbes,nw,-0.387002004,35.130913254035484,35,42,15,0.3,84.7,15.5,45.1,4.3,27.7,1
7/7/2012,Sidi-Bel Abbes,nw,-0.375871059,35.112934650417365,38,43,13,0.5,85,13,35.4,4.1,27.7,1
7/8/2012,Sidi-Bel Abbes,nw,-0.315645694,35.13386942362255,35,47,18,6,80.8,9.8,9.7,3.1,27.7,1
7/9/2012,Sidi-Bel Abbes,nw,-0.381665757,35.14101244435771,36,43,15,1.9,82.3,9.4,9.9,3.2,27.7,1
7/10/2012,Sidi-Bel Abbes,nw,-0.331949992,35.11622958184854,34,51,16,3.8,77.5,8,9.5,2,27.7,0
7/11/2012,Sidi-Bel Abbes,nw,-0.349473106,35.175172331386605,34,56,15,2.9,74.8,7.1,9.5,1.6,27.2,0
7/12/2012,Sidi-Bel Abbes,nw,-0.356309856,35.10135429864293,36,44,13,0,90.1,12.6,19.4,8.3,27.2,1
7/13/2012,Sidi-Bel Abbes,nw,-0.343168442,35.17197380520459,39,45,13,0.6,85.2,11.3,10.4,4.2,27.2,1
7/14/2012,Sidi-Bel Abbes,nw,-0.390667298,35.16300534861641,37,37,18,0.2,88.9,12.9,14.6,9,27.2,1
7/15/2012,Sidi-Bel Abbes,nw,-0.341254566,35.16218866794394,34,45,17,0,90.5,18,24.1,10.9,27.2,1
7/16/2012,Sidi-Bel Abbes,nw,-0.312352566,35.197474689695156,31,83,17,0,84.5,19.4,33.1,4.7,27.2,1
7/17/2012,Sidi-Bel Abbes,nw,-0.364791802,35.101036385865754,32,81,17,0,84.6,21.1,42.3,4.7,27.2,1
7/18/2012,Sidi-Bel Abbes,nw,-0.336369553,35.19343127434471,33,68,15,0,86.1,23.9,51.6,5.2,27.4,1
7/19/2012,Sidi-Bel Abbes,nw,-0.363234578,35.10582375299318,34,58,16,0,88.1,27.8,61.1,7.3,27.4,1
7/20/2012,Sidi-Bel Abbes,nw,-0.34308391,35.13964196346382,36,50,16,0,89.9,32.7,71,9.5,27.4,1
7/21/2012,Sidi-Bel Abbes,nw,-0.38318775,35.197762356337805,36,29,18,0,93.9,39.6,80.6,18.5,27.4,1
7/22/2012,Sidi-Bel Abbes,nw,-0.324127104,35.149784290789924,32,48,18,0,91.5,44.2,90.1,13.2,27.4,1
7/23/2012,Sidi-Bel Abbes,nw,-0.325626263,35.16850574248656,31,71,17,0,87.3,46.6,99,6.9,27.4,1
7/24/2012,Sidi-Bel Abbes,nw,-0.306243432,35.11377123414945,33,63,17,1.1,72.8,20.9,56.6,1.6,27.4,0
7/25/2012,Sidi-Bel Abbes,nw,-0.387239615,35.15381652379365,39,64,9,1.2,73.8,11.7,15.9,1.1,27.6,0
7/26/2012,Sidi-Bel Abbes,nw,-0.339943078,35.10994142550402,35,58,10,0.2,78.3,10.8,19.7,1.6,27.6,0
7/27/2012,Sidi-Bel Abbes,nw,-0.348659305,35.13720563547135,29,87,18,0,80,11.8,28.3,2.8,27.6,0
7/28/2012,Sidi-Bel Abbes,nw,-0.349754259,35.12440728498333,33,57,16,0,87.5,15.7,37.6,6.7,27.6,1
7/29/2012,Sidi-Bel Abbes,nw,-0.321194703,35.11006132505131,34,59,16,0,88.1,19.5,47.2,7.4,27.6,1
7/30/2012,Sidi-Bel Abbes,nw,-0.396756624,35.19079433512131,36,56,16,0,88.9,23.8,57.1,8.2,27.6,1
7/31/2012,Sidi-Bel Abbes,nw,-0.35216355,35.15677918475637,37,55,15,0,89.3,28.3,67.2,8.3,27.6,1
8/1/2012,Sidi-Bel Abbes,nw,-0.327588552,35.14143082655374,38,52,14,0,78.3,4.4,10.5,2,27.6,0
8/2/2012,Sidi-Bel Abbes,nw,-0.306572018,35.16761329428693,40,34,14,0,93.3,10.8,21.4,13.8,27.6,1
8/3/2012,Sidi-Bel Abbes,nw,-0.386269801,35.19678007564498,39,33,17,0,93.7,17.1,32.1,17.2,27.6,1
8/4/2012,Sidi-Bel Abbes,nw,-0.3282155,35.198792363575464,38,35,15,0,93.8,23,42.7,15.7,27.6,1
8/5/2012,Sidi-Bel Abbes,nw,-0.319381589,35.15485588333423,34,42,17,0.1,88.3,23.6,52.5,19,27.6,1
8/6/2012,Sidi-Bel Abbes,nw,-0.390567571,35.19090846837563,30,54,14,3.1,70.5,11,9.1,1.3,27.6,0
8/7/2012,Sidi-Bel Abbes,nw,-0.391535636,35.16026457764017,34,63,13,2.9,69.7,7.2,9.8,1.2,27.6,0
8/8/2012,Sidi-Bel Abbes,nw,-0.300734539,35.107358883065295,37,56,11,0,87.4,11.2,20.2,5.2,27.7,1
8/9/2012,Sidi-Bel Abbes,nw,-0.346292856,35.111270474444815,39,43,12,0,91.7,16.5,30.9,9.6,27.7,1
8/10/2012,Sidi-Bel Abbes,nw,-0.304416039,35.14893472,39,39,15,0.2,89.3,15.8,35.4,8.2,27.7,1
8/11/2012,Sidi-Bel Abbes,nw,-0.347060062,35.12400351580335,40,31,15,0,94.2,22.5,46.3,16.6,27.7,1
8/12/2012,Sidi-Bel Abbes,nw,-0.324188565,35.18186148536366,39,21,17,0.4,93,18.4,41.5,15.5,27.7,1
8/13/2012,Sidi-Bel Abbes,nw,-0.338351191,35.13674112599089,35,34,16,0.2,88.3,16.9,45.1,7.5,27.7,1
8/14/2012,Sidi-Bel Abbes,nw,-0.31261041,35.10608101726552,37,40,13,0,91.9,22.3,55.5,10.8,27.7,1
8/15/2012,Sidi-Bel Abbes,nw,-0.336058337,35.11424029081451,35,46,13,0.3,83.9,16.9,54.2,3.5,27.3,1
8/16/2012,Sidi-Bel Abbes,nw,-0.309932353,35.176589071810035,40,41,10,0.1,92,22.6,65.1,9.5,27.3,1
8/17/2012,Sidi-Bel Abbes,nw,-0.324611111,35.12708654541101,42,24,9,0,96,30.3,76.4,15.7,27.3,1
8/18/2012,Sidi-Bel Abbes,nw,-0.356574367,35.166703340893086,37,37,14,0,94.3,35.9,86.8,16,27.3,1
8/19/2012,Sidi-Bel Abbes,nw,-0.339309419,35.18140353207619,35,66,15,0.1,82.7,32.7,96.8,3.3,27.3,1
8/20/2012,Sidi-Bel Abbes,nw,-0.341867416,35.15480071788627,36,81,15,0,83.7,34.4,107,3.8,27.3,1
8/21/2012,Sidi-Bel Abbes,nw,-0.343891576,35.16689175218721,36,71,15,0,86,36.9,117.1,5.1,27.3,1
8/22/2012,Sidi-Bel Abbes,nw,-0.370313379,35.12780286929982,37,53,14,0,89.5,41.1,127.5,8,27.3,1
8/23/2012,Sidi-Bel Abbes,nw,-0.39242279,35.111595860025744,36,43,16,0,91.2,46.1,137.7,11.5,27.3,1
8/24/2012,Sidi-Bel Abbes,nw,-0.308463125,35.17868406827614,35,38,15,0,92.1,51.3,147.7,12.2,27.3,1
8/25/2012,Sidi-Bel Abbes,nw,-0.307518279,35.13567641042609,34,40,18,0,92.1,56.3,157.5,14.3,27.3,1
8/26/2012,Sidi-Bel Abbes,nw,-0.307377679,35.19451666468794,33,37,16,0,92.2,61.3,167.2,13.1,27.3,1
8/27/2012,Sidi-Bel Abbes,nw,-0.319460433,35.16081305706521,36,54,14,0,91,65.9,177.3,10,27.3,1
8/28/2012,Sidi-Bel Abbes,nw,-0.398317718,35.1661469,35,56,14,0.4,79.2,37,166,2.1,27.3,0
8/29/2012,Sidi-Bel Abbes,nw,-0.322311908,35.19948918453131,35,53,17,0.5,80.2,20.7,149.2,2.7,28.1,1
8/30/2012,Sidi-Bel Abbes,nw,-0.346446626,35.12901807836054,34,49,15,0,89.2,24.8,159.1,8.1,28.1,1
8/31/2012,Sidi-Bel Abbes,nw,-0.34857603,35.132169889273776,30,59,19,0,89.1,27.8,168.2,9.8,28.1,1
9/1/2012,Sidi-Bel Abbes,nw,-0.381795866,35.13589898320376,29,86,16,0,37.9,0.9,8.2,0.1,28.1,0
9/2/2012,Sidi-Bel Abbes,nw,-0.375558137,35.18301729714352,28,67,19,0,75.4,2.9,16.3,2,28.1,0
9/3/2012,Sidi-Bel Abbes,nw,-0.350931677,35.14015204696429,28,75,16,0,82.2,4.4,24.3,3.3,28.1,1
9/4/2012,Sidi-Bel Abbes,nw,-0.371922895,35.14839730629125,30,66,15,0.2,73.5,4.1,26.6,1.5,28.1,0
9/5/2012,Sidi-Bel Abbes,nw,-0.376726338,35.10635285978184,30,58,12,4.1,66.1,4,8.4,1,27.8,0
9/6/2012,Sidi-Bel Abbes,nw,-0.394076039,35.11044921462269,34,71,14,6.5,64.5,3.3,9.1,1,27.8,0
9/7/2012,Sidi-Bel Abbes,nw,-0.312342144,35.15149402549206,31,62,15,0,83.3,5.8,17.7,3.8,27.8,1
9/8/2012,Sidi-Bel Abbes,nw,-0.320550346,35.17312231462241,30,88,14,0,82.5,6.6,26.1,3,27.8,1
9/9/2012,Sidi-Bel Abbes,nw,-0.322646744,35.15107186180223,30,80,15,0,83.1,7.9,34.5,3.5,27.8,1
9/10/2012,Sidi-Bel Abbes,nw,-0.330242829,35.11449595986348,29,74,15,1.1,59.5,4.7,8.2,0.8,27.8,0
9/11/2012,Sidi-Bel Abbes,nw,-0.385641917,35.18316879408709,30,73,14,0,79.2,6.5,16.6,2.1,27.8,0
9/12/2012,Sidi-Bel Abbes,nw,-0.316201343,35.14211832401327,31,72,14,0,84.2,8.3,25.2,3.8,26.9,1
9/13/2012,Sidi-Bel Abbes,nw,-0.357902092,35.147315296175684,29,49,19,0,88.6,11.5,33.4,9.1,26.9,1
9/14/2012,Sidi-Bel Abbes,nw,-0.352419086,35.17964354,28,81,15,0,84.6,12.6,41.5,4.3,26.9,1
9/15/2012,Sidi-Bel Abbes,nw,-0.377115072,35.12074649,32,51,13,0,88.7,16,50.2,6.9,26.9,1
9/16/2012,Sidi-Bel Abbes,nw,-0.328764749,35.13791294,33,26,13,0,93.9,21.2,59.2,14.2,26.9,1
9/17/2012,Sidi-Bel Abbes,nw,-0.36241312,35.12194664058854,34,44,12,0,92.5,25.2,63.3,11.2,26.9,1
9/18/2012,Sidi-Bel Abbes,nw,-0.393219181,35.13101080391955,36,33,13,0.1,90.6,25.8,77.8,9,26.9,1
9/19/2012,Sidi-Bel Abbes,nw,-0.383069848,35.19096029019251,29,41,8,0.1,83.9,24.9,86,2.7,26.7,1
9/20/2012,Sidi-Bel Abbes,nw,-0.36005147,35.147160865636295,34,58,13,0.2,79.5,18.7,88,2.1,26.7,0
9/21/2012,Sidi-Bel Abbes,nw,-0.383543879,35.121778011499195,35,34,17,0,92.2,23.6,97.3,13.8,26.7,1
9/22/2012,Sidi-Bel Abbes,nw,-0.365931679,35.19185952590977,33,64,13,0,88.9,26.1,106.3,7.1,26.7,1
9/23/2012,Sidi-Bel Abbes,nw,-0.398616485,35.14450871113989,35,56,14,0,89,29.4,115.6,7.5,26.7,1
9/24/2012,Sidi-Bel Abbes,nw,-0.375531514,35.180374507843396,26,49,6,2,61.3,11.9,28.1,0.6,26.7,0
9/25/2012,Sidi-Bel Abbes,nw,-0.305865359,35.16540501335192,28,70,15,0,79.9,13.8,36.1,2.4,26.7,0
9/26/2012,Sidi-Bel Abbes,nw,-0.308365098,35.178875968155886,30,65,14,0,85.4,16,44.5,4.5,27,1
9/27/2012,Sidi-Bel Abbes,nw,-0.398987858,35.10007321989875,28,87,15,4.4,41.1,6.5,8,0.1,27,0
9/28/2012,Sidi-Bel Abbes,nw,-0.341602484,35.158025214617595,27,87,29,0.5,45.9,3.5,7.9,0.4,27,0
9/29/2012,Sidi-Bel Abbes,nw,-0.374495129,35.193472038295276,24,54,18,0.1,79.7,4.3,15.2,1.7,27,0
9/30/2012,Sidi-Bel Abbes,nw,-0.383173229,35.10864382920417,24,64,15,0.2,67.3,3.8,16.5,1.2,27,0
3/1/2007,MonetshinoNP,mnp,-6.956657964,41.51345735641741,8.2,51,6.7,0,86.2,26.2,94.3,5.1,27.01290323,1
10/1/2007,MonetshinoNP,mnp,-6.839740937,41.55300316033561,18,33,0.9,0,90.6,35.4,669.1,6.7,25.43225806,1
10/1/2007,MonetshinoNP,mnp,-7.041184268,41.43252932395402,14.6,33,1.3,0,90.6,43.7,686.9,6.7,25.43225806,1
3/1/2007,MonetshinoNP,mnp,-6.507990603,41.53915803601125,8.3,97,4,0.2,91.7,33.3,77.5,9,27.01290323,1
3/1/2007,MonetshinoNP,mnp,-7.026072256,41.575155331427474,11.4,99,1.8,0,89.3,51.3,102.2,9.6,27.01290323,1
8/1/2007,MonetshinoNP,mnp,-6.7884558,41.45289114517512,22.2,29,5.4,0,92.3,85.3,488,14.7,26.27096774,1
8/1/2007,MonetshinoNP,mnp,-6.794518745,41.494044723756545,24.1,27,3.1,0,92.3,88.9,495.6,8.5,26.27096774,1
8/1/2007,MonetshinoNP,mnp,-7.085780372,41.567861337805695,8,86,2.2,0,91.5,145.4,608.2,10.7,26.27096774,1
9/1/2007,MonetshinoNP,mnp,-6.325769908,41.49717665788801,13.1,63,5.4,0,91,129.5,692.6,7,25.84666667,1
9/1/2007,MonetshinoNP,mnp,-6.826719798,41.46771915727906,22.8,40,4,0,92.5,88,698.6,7.1,25.84666667,1
9/1/2007,MonetshinoNP,mnp,-6.889513465,41.441157905448584,17.8,51,7.2,0,92.5,88,698.6,7.1,25.84666667,1
9/1/2007,MonetshinoNP,mnp,-6.603497914,41.43278716456649,19.3,38,4,0,92.8,73.2,713,22.6,25.84666667,1
8/1/2007,MonetshinoNP,mnp,-6.950881011,41.47170240529609,17,72,6.7,0,63.5,70.8,665.3,0.8,26.27096774,1
9/1/2007,MonetshinoNP,mnp,-6.597809788,41.45736882001717,21.3,42,2.2,0,90.9,126.5,686.5,7,25.84666667,1
9/1/2007,MonetshinoNP,mnp,-6.89570139,41.58555616004789,26.4,21,4.5,0,92.9,133.3,699.6,9.2,25.84666667,1
9/1/2007,MonetshinoNP,mnp,-6.735913473,41.50529619058144,22.9,44,5.4,0,93.3,141.2,713.9,13.9,25.84666667,1
3/1/2007,MonetshinoNP,mnp,-6.826102815,41.538338670415385,15.1,27,5.4,0,91.7,35.8,80.8,7.8,27.01290323,1
10/1/2007,MonetshinoNP,mnp,-6.479088894,41.47498041,16.7,47,4.9,0,84.9,32.8,664.2,3,25.43225806,1
3/1/2007,MonetshinoNP,mnp,-6.972644229,41.4815904,15.9,35,4,0,89.2,27.9,70.8,6.3,27.01290323,1
4/1/2007,MonetshinoNP,mnp,-6.654222999,41.510158786191326,9.3,44,4.5,0,86.3,27.4,97.1,5.1,27.63,1
9/1/2007,MonetshinoNP,mnp,-6.966946799,41.50661686730834,18.3,40,2.7,0,91,129.5,692.6,7,25.84666667,1
9/1/2007,MonetshinoNP,mnp,-7.074297205,41.53164190424685,19.1,38,2.7,0,91.8,78.5,724.3,9.2,25.84666667,1
6/1/2007,MonetshinoNP,mnp,-6.599918491,41.57192530683941,21,44,4.5,0,94.3,96.3,200,56.1,27.53666667,1
8/1/2007,MonetshinoNP,mnp,-6.318941993,41.58477495371754,19.5,43,5.8,0,90.2,110.9,537.4,6.2,26.27096774,1
8/1/2007,MonetshinoNP,mnp,-6.680610831,41.52615487033933,23.7,32,5.8,0,93.5,139.4,594.2,20.3,26.27096774,1
8/1/2007,MonetshinoNP,mnp,-6.366183868,41.53594722040358,16.3,60,5.4,0,91.4,142.4,601.4,10.6,26.27096774,1
9/1/2007,MonetshinoNP,mnp,-6.877537918,41.49202806489753,19,34,5.8,0,92.4,117.9,668,12.2,25.84666667,1
9/1/2007,MonetshinoNP,mnp,-6.795466151,41.523936426311586,19.4,48,1.3,0,90.9,126.5,686.5,7,25.84666667,1
9/1/2007,MonetshinoNP,mnp,-6.680038445,41.529632095294616,30.2,24,2.7,0,93.4,145.4,721.4,8.1,25.84666667,1
9/1/2007,MonetshinoNP,mnp,-6.338103095,41.45154680538242,22.8,39,3.6,0,93.5,149.3,728.6,8.1,25.84666667,1
9/1/2007,MonetshinoNP,mnp,-6.840520731,41.46942586,25.4,24,3.6,0,94.3,85.1,692.3,15.9,25.84666667,1
9/1/2007,MonetshinoNP,mnp,-6.651233747,41.53467113762374,11.2,78,7.6,0,88.6,91.8,709.9,7.1,25.84666667,1
9/1/2007,MonetshinoNP,mnp,-6.862333717,41.55208434,20.6,37,1.8,0,88.6,69.7,706.8,5.8,25.84666667,1
9/1/2007,MonetshinoNP,mnp,-6.585550316,41.503318404355895,17.7,39,3.6,0,91.7,75.6,718.3,7.8,25.84666667,1
9/1/2007,MonetshinoNP,mnp,-6.824018202,41.56382585642068,21.2,32,2.7,0,91.8,78.5,724.3,9.2,25.84666667,1
9/1/2007,MonetshinoNP,mnp,-6.898042068,41.43740685726724,18.2,62,4.5,0,90.3,80.7,730.2,6.3,25.84666667,1
10/1/2007,MonetshinoNP,mnp,-6.523671879,41.58177706312639,21.7,24,4.5,0,90.6,35.4,669.1,6.7,25.43225806,1
10/1/2007,MonetshinoNP,mnp,-6.705751979,41.57454952603948,11.3,60,5.4,0,90,41.5,682.6,8.7,25.43225806,1
10/1/2007,MonetshinoNP,mnp,-6.986278885,41.43027122822514,17.8,27,4,0,90.6,43.7,686.9,6.7,25.43225806,1
3/1/2007,MonetshinoNP,mnp,-6.570180335,41.51783399746433,14.1,43,2.7,0,88.1,25.7,67.6,3.8,27.01290323,1
7/1/2007,MonetshinoNP,mnp,-6.332921703,41.51012418472275,23.3,37,3.1,0,79.5,60.6,366.7,1.5,26.91612903,1
8/1/2007,MonetshinoNP,mnp,-6.571350255,41.55502932380943,18.4,42,6.7,0,90.2,96.9,624.2,8.9,26.27096774,1
8/1/2007,MonetshinoNP,mnp,-6.970032198,41.508401569927315,16.6,54,5.4,0,94.8,108.3,647.1,17,26.27096774,1
9/1/2007,MonetshinoNP,mnp,-7.052650542,41.544170699382306,19.6,48,2.7,0,92.5,88,698.6,7.1,25.84666667,1
9/1/2007,MonetshinoNP,mnp,-6.539807835,41.53455635227205,12.9,74,4.9,0,90.1,82.9,735.7,6.2,25.84666667,1
9/1/2007,MonetshinoNP,mnp,-6.322660642,41.56018689237597,25.9,24,4,0,94.3,85.1,692.3,15.9,25.84666667,1
9/1/2007,MonetshinoNP,mnp,-6.35521841,41.569943232392326,14.7,70,3.6,0,90.9,126.5,686.5,7,25.84666667,1
7/1/2007,MonetshinoNP,mnp,-6.838051415,41.55900437122014,23,36,3.1,0,94.2,62.3,442.9,11,26.91612903,1
3/1/2007,MonetshinoNP,mnp,-6.451657408,41.51295995730497,11.8,35,1.8,0,87.2,23.9,64.7,4.1,27.01290323,1
3/1/2007,MonetshinoNP,mnp,-6.689803842,41.51823809874799,11,46,5.8,0,87.6,52.2,103.8,5,27.01290323,1
9/1/2007,MonetshinoNP,mnp,-6.310609509,41.43217486878241,20.8,17,1.3,0,92.9,137,706.4,9.2,25.84666667,1
8/1/2007,MonetshinoNP,mnp,-6.304716875,41.50354977004981,21.5,34,2.2,0,90.2,99.6,631.2,6.3,26.27096774,1
8/1/2007,MonetshinoNP,mnp,-6.96968525,41.45509100177118,20.4,42,4.9,0,92.1,111.2,654.1,9.6,26.27096774,1
8/1/2007,MonetshinoNP,mnp,-6.9975299,41.50608465040603,20.4,42,4.9,0,92.1,111.2,654.1,9.6,26.27096774,1
8/1/2007,MonetshinoNP,mnp,-6.483759242,41.46351219583856,17.6,45,3.6,0,91.7,114.3,661.3,6.3,26.27096774,1
9/1/2007,MonetshinoNP,mnp,-6.661803609,41.51936478010775,27.7,24,2.2,0,92.9,137,706.4,9.2,25.84666667,1
9/1/2007,MonetshinoNP,mnp,-6.81183171,41.43758854999436,17.8,63,4.9,0,90.3,80.7,730.2,6.3,25.84666667,1
10/1/2007,MonetshinoNP,mnp,-6.619261202,41.442470619583624,13.8,50,2.7,0,92.6,46.5,691.8,8.8,25.43225806,1
2/1/2007,MonetshinoNP,mnp,-7.069216275,41.48289821294693,13.9,40,5.4,0,84,9.3,34,2.1,26.78928571,1
2/1/2007,MonetshinoNP,mnp,-6.652752829,41.52209004282904,12.3,51,0.9,0,86.6,13.2,43,5.3,26.78928571,1
3/1/2007,MonetshinoNP,mnp,-6.328902165,41.56443330615913,11.5,39,5.8,0,89.3,51.3,102.2,9.6,27.01290323,1
3/1/2007,MonetshinoNP,mnp,-6.877133943,41.43310546575561,5.5,59,6.3,0,89.3,51.3,102.2,9.6,27.01290323,1
8/1/2007,MonetshinoNP,mnp,-6.513240531,41.50231298915139,18.8,35,4.9,0,93,75.3,466.6,7.7,26.27096774,1
8/1/2007,MonetshinoNP,mnp,-7.008598525,41.531333718842326,20.8,33,2.7,0,90.2,99.6,631.2,6.3,26.27096774,1
8/1/2007,MonetshinoNP,mnp,-6.795070024,41.52470092520338,23.1,31,3.1,0,91.1,103.2,638.8,5.8,26.27096774,1
8/1/2007,MonetshinoNP,mnp,-6.980074824,41.435218020684786,18.6,44,4.5,0,91.7,114.3,661.3,6.3,26.27096774,1
9/1/2007,MonetshinoNP,mnp,-6.658013939,41.57612164378536,23,37,4.5,0,92.4,117.9,668,12.2,25.84666667,1
9/1/2007,MonetshinoNP,mnp,-6.539775081,41.58935646,19.6,33,5.4,0,92.4,117.9,668,12.2,25.84666667,1
9/1/2007,MonetshinoNP,mnp,-6.661005232,41.56775023885534,19.6,33,6.3,0,92.4,117.9,668,12.2,25.84666667,1
3/1/2007,MonetshinoNP,mnp,-6.393080971,41.50263167244202,17.2,26,4.5,0,91.7,33.3,77.5,9,27.01290323,1
3/1/2007,MonetshinoNP,mnp,-6.366935311,41.55616046802837,15.8,27,7.6,0,91.2,48.3,97.8,12.5,27.01290323,1
9/1/2007,MonetshinoNP,mnp,-6.603678201,41.53340635443054,17.7,37,3.6,0,94.3,85.1,692.3,15.9,25.84666667,1
3/1/2007,MonetshinoNP,mnp,-6.699755825,41.570011762026354,15.6,25,6.3,0,91.7,33.3,77.5,9,27.01290323,1
8/1/2007,MonetshinoNP,mnp,-6.491231772,41.46679640188929,17.3,43,4.5,0,88.8,147.3,614.5,9,26.27096774,1
9/1/2007,MonetshinoNP,mnp,-6.543709865,41.58463816911629,27.6,30,1.3,0,93.3,141.2,713.9,13.9,25.84666667,1
2/1/2007,MonetshinoNP,mnp,-6.793069143,41.50815148901638,6.7,79,3.1,0,84.2,6.8,26.6,7.7,26.78928571,1
2/1/2007,MonetshinoNP,mnp,-6.581003731,41.52642844383937,15.7,43,3.1,0,86.6,13.2,43,5.3,26.78928571,1
3/1/2007,MonetshinoNP,mnp,-6.549531892,41.44160265398419,8.3,72,3.1,0,87.6,52.2,103.8,5,27.01290323,1
8/1/2007,MonetshinoNP,mnp,-6.403408136,41.55453495144436,14.7,66,2.7,0,90.1,108,529.8,12.5,26.27096774,1
8/1/2007,MonetshinoNP,mnp,-6.345611945,41.540768019324936,21.6,19,6.7,0,91,121.2,561.6,7,26.27096774,1
8/1/2007,MonetshinoNP,mnp,-6.383262039,41.45342314,19.5,39,6.3,0,91.4,142.4,601.4,10.6,26.27096774,1
8/1/2007,MonetshinoNP,mnp,-7.014791453,41.57152813400958,17.9,44,2.2,0,90.2,99.6,631.2,6.3,26.27096774,1
8/1/2007,MonetshinoNP,mnp,-6.975614517,41.44608688813974,18.6,51,4.5,0,94.8,108.3,647.1,17,26.27096774,1
8/1/2007,MonetshinoNP,mnp,-6.4083966,41.570935,16.6,47,0.9,0,92.1,111.2,654.1,9.6,26.27096774,1
8/1/2007,MonetshinoNP,mnp,-6.859532237,41.584338902085804,20.2,45,3.6,0,91.7,114.3,661.3,6.3,26.27096774,1
9/1/2007,MonetshinoNP,mnp,-6.593275312,41.52710203132308,21.5,15,0.9,0,92.9,137,706.4,9.2,25.84666667,1
9/1/2007,MonetshinoNP,mnp,-7.012208489,41.52231595533927,25.4,27,2.2,0,92.9,137,706.4,9.2,25.84666667,1
9/1/2007,MonetshinoNP,mnp,-6.629993159,41.47520586522988,22.4,34,2.2,0,92.9,137,706.4,9.2,25.84666667,1
9/1/2007,MonetshinoNP,mnp,-6.582925957,41.47212464915901,25.3,36,3.6,0,93.5,149.3,728.6,8.1,25.84666667,1
3/1/2007,MonetshinoNP,mnp,-6.515772755,41.45654004927199,17.4,25,4.9,0,91.7,35.8,80.8,7.8,27.01290323,1
8/1/2007,MonetshinoNP,mnp,-6.761089612,41.442148720633554,14.7,59,5.8,0,90.2,96.9,624.2,8.9,26.27096774,1
3/1/2007,MonetshinoNP,mnp,-6.83085429,41.48544309647612,17.4,24,5.4,0,91.7,35.8,80.8,7.8,27.01290323,1
8/1/2007,MonetshinoNP,mnp,-6.698787536,41.479582290698396,20.8,32,6.3,0,92.3,85.3,488,14.7,26.27096774,1
8/1/2007,MonetshinoNP,mnp,-6.825955373,41.47842847634412,18.2,43,4.9,0,91.4,142.4,601.4,10.6,26.27096774,1
8/1/2007,MonetshinoNP,mnp,-6.410344451,41.50047521686609,23.4,22,2.7,0,91.1,103.2,638.8,5.8,26.27096774,1
9/1/2007,MonetshinoNP,mnp,-6.792098449,41.588839746519966,17.8,64,1.3,0,89.7,90,704.4,4.8,25.84666667,1
2/1/2007,MonetshinoNP,mnp,-6.324740336,41.47885648355691,12.7,48,1.8,0,83.9,8,30.2,2.6,26.78928571,1
3/1/2007,MonetshinoNP,mnp,-7.079179976,41.575133548623356,17.4,24,5.4,0,69,2.4,15.5,0.7,27.01290323,1
8/1/2007,MonetshinoNP,mnp,-6.808833699,41.52936907684674,11.6,87,4.5,0,91.4,142.4,601.4,10.6,26.27096774,1
8/1/2007,MonetshinoNP,mnp,-6.515642045,41.55455237495468,19.8,39,5.4,0,91.4,142.4,601.4,10.6,26.27096774,1
8/1/2007,MonetshinoNP,mnp,-6.606178184,41.55228018571097,19.8,39,5.4,0,91.4,142.4,601.4,10.6,26.27096774,1
8/1/2007,MonetshinoNP,mnp,-6.869652175,41.48442290107083,14.4,66,5.4,0,88.8,147.3,614.5,9,26.27096774,1
8/1/2007,MonetshinoNP,mnp,-6.632356926,41.464951316888964,20.1,40,4,0,94.8,108.3,647.1,17,26.27096774,1
9/1/2007,MonetshinoNP,mnp,-7.06435416,41.55253815732961,24.1,29,4.5,0,92.5,121.1,674.4,8.6,25.84666667,1
1/1/2007,MonetshinoNP,mnp,-6.404679369,41.482705993857095,5.3,78,3.1,0,82.1,3.7,9.3,2.9,27.33870968,1
3/1/2007,MonetshinoNP,mnp,-6.566966406,41.51975497,12.7,52,6.3,0,85.9,19.5,57.3,2.8,27.01290323,1
3/1/2007,MonetshinoNP,mnp,-6.590905588,41.50741045723705,18.2,29,3.1,0,91.4,30.7,74.3,7.5,27.01290323,1
8/1/2007,MonetshinoNP,mnp,-7.097481918,41.49366281977024,21.4,33,3.1,0,90.2,99.6,631.2,6.3,26.27096774,1
9/1/2007,MonetshinoNP,mnp,-7.057761194,41.53193960306571,20.3,45,3.1,0,92.5,88,698.6,7.1,25.84666667,1
9/1/2007,MonetshinoNP,mnp,-6.919884009,41.545422068411554,17.4,56,5.4,0,88.6,91.8,709.9,7.1,25.84666667,1
3/1/2007,MonetshinoNP,mnp,-6.426663116,41.44123848484978,13.7,43,5.8,0,85.9,19.5,57.3,2.8,27.01290323,1
3/1/2007,MonetshinoNP,mnp,-6.977163732,41.4428052,18.8,18,4.5,0,91.7,33.3,77.5,9,27.01290323,1
9/1/2007,MonetshinoNP,mnp,-7.068224009,41.44692979923914,22.8,39,3.6,0,89.7,90,704.4,4.8,25.84666667,1
9/1/2007,MonetshinoNP,mnp,-6.995712292,41.56999048038666,18.9,35,2.7,0,91.8,78.5,724.3,9.2,25.84666667,1
3/1/2007,MonetshinoNP,mnp,-6.552799238,41.55072454319091,15.8,27,7.6,0,88.1,25.7,67.6,3.8,27.01290323,1
3/1/2007,MonetshinoNP,mnp,-6.660086726,41.51748980097717,15.5,27,6.3,0,88.1,25.7,67.6,3.8,27.01290323,1
3/1/2007,MonetshinoNP,mnp,-6.401590201,41.44648233150031,11.6,30,6.3,0,91.7,35.8,80.8,7.8,27.01290323,1
3/1/2007,MonetshinoNP,mnp,-6.627963932,41.51188422827955,15.2,27,4.9,0,91.7,35.8,80.8,7.8,27.01290323,1
3/1/2007,MonetshinoNP,mnp,-6.421884513,41.565797568503775,10.6,30,4,0,90.1,39.7,86.6,6.2,27.01290323,1
8/1/2007,MonetshinoNP,mnp,-7.090919712,41.52863503481302,19.6,36,3.1,0,93,75.3,466.6,7.7,26.27096774,1
8/1/2007,MonetshinoNP,mnp,-6.561525848,41.434337390959385,10.3,74,2.2,0,91.5,145.4,608.2,10.7,26.27096774,1
8/1/2007,MonetshinoNP,mnp,-6.849162362,41.44042032206911,17.1,43,5.4,0,91.5,145.4,608.2,10.7,26.27096774,1
9/1/2007,MonetshinoNP,mnp,-6.784534177,41.54209700826251,22.5,42,5.4,0,92.4,124.1,680.7,8.5,25.84666667,1
9/1/2007,MonetshinoNP,mnp,-6.69625073,41.52676541589856,17.9,45,3.1,0,84.4,73.4,671.9,3.2,25.84666667,1
9/1/2007,MonetshinoNP,mnp,-6.598428296,41.49201464005244,19.8,50,5.4,0,94.3,85.1,692.3,15.9,25.84666667,1
10/1/2007,MonetshinoNP,mnp,-6.415176705,41.56164418417943,20.6,24,5.4,0,92.6,46.5,691.8,8.8,25.43225806,1
3/1/2007,MonetshinoNP,mnp,-6.487321208,41.448892983656165,9,49,2.2,0,87.6,52.2,103.8,5,27.01290323,1
9/1/2007,MonetshinoNP,mnp,-6.345047311,41.547676624137445,17.2,43,3.1,0,93.5,149.3,728.6,8.1,25.84666667,1
10/1/2007,MonetshinoNP,mnp,-6.655940192,41.518640165129675,15.9,46,3.6,0,91.4,37.9,673.8,5.2,25.43225806,1
10/1/2007,MonetshinoNP,mnp,-6.376963641,41.54727207759166,15.4,35,0.9,0,92.6,46.5,691.8,8.8,25.43225806,1
2/1/2007,MonetshinoNP,mnp,-6.822201432,41.52555130638871,15.4,40,2.7,0,68.2,21.5,87.2,0.8,26.78928571,1
3/1/2007,MonetshinoNP,mnp,-6.768649662,41.57690778443556,14,39,3.1,0,87.2,23.9,64.7,4.1,27.01290323,1
3/1/2007,MonetshinoNP,mnp,-7.046837844,41.51524678293475,10.6,46,4.9,0,89.3,51.3,102.2,9.6,27.01290323,1
9/1/2007,MonetshinoNP,mnp,-6.942425693,41.533728465099585,17.6,42,3.1,0,93.7,80.9,685.2,17.9,25.84666667,1
3/1/2007,MonetshinoNP,mnp,-6.379236519,41.46332067375727,14.9,38,2.7,0,88.1,25.7,67.6,3.8,27.01290323,1
8/1/2007,MonetshinoNP,mnp,-6.995371995,41.51844398599488,17.6,52,5.8,0,93.5,139.4,594.2,20.3,26.27096774,1
9/1/2007,MonetshinoNP,mnp,-6.306832695,41.49101857542557,17.2,58,1.3,0,92.4,124.1,680.7,8.5,25.84666667,1
9/1/2007,MonetshinoNP,mnp,-6.407900951,41.49533717136743,15.6,66,3.1,0,90.9,126.5,686.5,7,25.84666667,1
7/1/2007,MonetshinoNP,mnp,-7.083353475,41.57213815512713,18,42,2.7,0,85.8,48.3,313.4,3.9,26.91612903,1
9/1/2007,MonetshinoNP,mnp,-6.869371218,41.56156970113323,21.7,38,2.2,0,91,129.5,692.6,7,25.84666667,1
9/1/2007,MonetshinoNP,mnp,-6.670373667,41.47907904467266,21.9,39,1.8,0,90.9,126.5,686.5,7,25.84666667,1
8/1/2007,MonetshinoNP,mnp,-6.527261601,41.54894509389926,23.3,31,4.5,0,95.5,99.9,513.3,13.2,26.27096774,1
8/1/2007,MonetshinoNP,mnp,-6.473723635,41.56990438565609,21.2,51,8.9,0,90.1,108,529.8,12.5,26.27096774,1
7/1/2007,MonetshinoNP,mnp,-6.788735429,41.46401987017488,16.6,53,5.4,0,90,51.3,296.3,8.7,26.91612903,1
8/1/2007,MonetshinoNP,mnp,-6.664954011,41.46280382536092,23.8,32,5.4,0,95.5,99.9,513.3,13.2,26.27096774,1
8/1/2007,MonetshinoNP,mnp,-6.375559847,41.522269105133326,27.4,22,4,0,95.2,131.7,578.8,10.4,26.27096774,1
3/1/2007,MonetshinoNP,mnp,-6.478883156,41.44740474921203,13.2,40,5.4,0,90.1,39.7,86.6,6.2,27.01290323,1
9/1/2007,MonetshinoNP,mnp,-7.01329059,41.582463495496846,24.2,28,3.6,0,84.4,73.4,671.9,3.2,25.84666667,1
8/1/2007,MonetshinoNP,mnp,-6.415358586,41.55967336856528,17.4,43,6.7,0,94.8,108.3,647.1,17,26.27096774,1
9/1/2007,MonetshinoNP,mnp,-6.954541177,41.58028976320927,23.7,25,4.5,0,93.7,80.9,685.2,17.9,25.84666667,1
6/1/2007,MonetshinoNP,mnp,-6.966305792,41.463235691552484,23.2,39,5.4,0,92.5,56.4,433.3,7.1,27.53666667,1
7/1/2007,MonetshinoNP,mnp,-6.321100518,41.50550643312903,24.8,29,2.2,0,90.1,68.6,355.2,7.2,26.91612903,1
7/1/2007,MonetshinoNP,mnp,-6.685301695,41.546996787936116,24.6,43,1.8,0,90.1,51.2,424.1,6.2,26.91612903,1
9/1/2007,MonetshinoNP,mnp,-6.834548437,41.544310181370086,20.1,47,4.9,0,94.3,85.1,692.3,15.9,25.84666667,1
9/1/2007,MonetshinoNP,mnp,-6.812268961,41.55645118148523,29.6,27,2.7,0,93.4,145.4,721.4,8.1,25.84666667,1
8/1/2007,MonetshinoNP,mnp,-6.561193855,41.47311823891505,16.4,47,1.3,0,94.8,108.3,647.1,17,26.27096774,1
9/1/2007,MonetshinoNP,mnp,-6.704734496,41.53004882499964,28.6,27,2.2,0,93.4,145.4,721.4,8.1,25.84666667,1
8/1/2007,MonetshinoNP,mnp,-6.915130681,41.457897729460164,18.4,45,3.6,0,92.1,111.2,654.1,9.6,26.27096774,1
8/1/2007,MonetshinoNP,mnp,-6.436645133,41.50367249802158,20.5,35,4,0,92.1,111.2,654.1,9.6,26.27096774,1
9/1/2007,MonetshinoNP,mnp,-6.863671875,41.43186990738428,19,34,5.8,0,92.4,117.9,668,12.2,25.84666667,1
3/1/2007,MonetshinoNP,mnp,-6.73278794,41.45229831717737,16.1,29,3.1,0,90.1,39.7,86.6,6.2,27.01290323,1
8/1/2007,MonetshinoNP,mnp,-6.381260205,41.43895093508374,20.3,41,4,0,95.2,131.7,578.8,10.4,26.27096774,1
3/1/2007,MonetshinoNP,mnp,-6.499406337,41.45103927995717,15.2,31,8.5,0,90.6,50.1,100.4,7.8,27.01290323,1
9/1/2007,MonetshinoNP,mnp,-6.424521957,41.49004824554036,17.8,56,1.8,0,92.5,121.1,674.4,8.6,25.84666667,1
9/1/2007,MonetshinoNP,mnp,-6.386507796,41.53727625579191,17.8,67,2.2,0,89.7,90,704.4,4.8,25.84666667,1
3/1/2007,MonetshinoNP,mnp,-7.079177088,41.44663634799055,5.3,70,4.5,0,84.9,18.2,55,3,27.01290323,1
8/1/2007,MonetshinoNP,mnp,-6.516634333,41.54722371670952,16.6,47,0.9,0,92.1,111.2,654.1,9.6,26.27096774,1
8/1/2007,MonetshinoNP,mnp,-6.790738462,41.54397837,23.4,33,4.5,0,96,127.1,570.5,16.5,26.27096774,1
3/1/2007,MonetshinoNP,mnp,-6.607374202,41.552696828119565,14.6,26,9.4,0,91.2,48.3,97.8,12.5,27.01290323,1
8/1/2007,MonetshinoNP,mnp,-7.037328731,41.566400396867245,20.7,45,2.2,0,95.2,131.7,578.8,10.4,26.27096774,1
9/1/2007,MonetshinoNP,mnp,-6.354891861,41.54457428,21.9,35,1.8,0,92.9,133.3,699.6,9.2,25.84666667,1
8/1/2007,MonetshinoNP,mnp,-6.728474067,41.50674505701521,17.4,50,4,0,85.6,90.4,609.6,6.6,26.27096774,1
8/1/2007,MonetshinoNP,mnp,-6.602904474,41.47563528076469,20.1,39,5.4,0,91.4,142.4,601.4,10.6,26.27096774,1
9/1/2007,MonetshinoNP,mnp,-6.614362917,41.437381050029614,17.7,39,2.2,0,90.9,126.5,686.5,7,25.84666667,1
8/1/2007,MonetshinoNP,mnp,-6.458462877,41.50543718463109,14.2,53,1.8,0,90.2,96.9,624.2,8.9,26.27096774,1
8/1/2007,MonetshinoNP,mnp,-6.550548293,41.58934460634128,20.3,39,4.9,0,90.2,96.9,624.2,8.9,26.27096774,1
4/1/2007,MonetshinoNP,mnp,-6.426828462,41.4943571,5.8,54,5.8,0,81.5,9.1,55.2,2.7,27.63,1
8/1/2007,MonetshinoNP,mnp,-6.464879699,41.48130125910028,19.2,44,2.7,0,90.2,99.6,631.2,6.3,26.27096774,1
9/1/2007,MonetshinoNP,mnp,-6.573520965,41.49477711,18.3,45,2.2,0,90.1,82.9,735.7,6.2,25.84666667,1
8/1/2007,MonetshinoNP,mnp,-6.793737767,41.445091883460144,14.4,66,5.4,0,88.8,147.3,614.5,9,26.27096774,1
9/1/2007,MonetshinoNP,mnp,-6.743322124,41.48798624377779,23.9,32,6.7,0,92.4,124.1,680.7,8.5,25.84666667,1
10/1/2007,MonetshinoNP,mnp,-6.334502034,41.49259791571086,19.1,32,4,0,84.9,32.8,664.2,3,25.43225806,1
2/1/2007,MonetshinoNP,mnp,-6.862872339,41.48312685877747,12.4,53,2.2,0,86.8,15.6,48.3,3.9,26.78928571,1
10/1/2007,MonetshinoNP,mnp,-6.931628961,41.53490239891082,16.8,45,4.5,0,91.7,48.5,696.1,11.1,25.43225806,1
8/1/2007,MonetshinoNP,mnp,-7.002204792,41.54667917852706,20.8,34,4.9,0,93.9,135.7,586.7,15.1,26.27096774,1
9/1/2007,MonetshinoNP,mnp,-7.07285121,41.55993556762935,17.6,46,3.1,0,91,129.5,692.6,7,25.84666667,1
3/1/2007,MonetshinoNP,mnp,-6.826392257,41.48127018482442,11.5,39,5.8,0,89.3,51.3,102.2,9.6,27.01290323,1
9/1/2007,MonetshinoNP,mnp,-6.85203344,41.589174067072065,21,42,2.2,0,90.9,126.5,686.5,7,25.84666667,1
3/1/2007,MonetshinoNP,mnp,-6.994977044,41.48400852863964,13.3,42,0.9,0,90.8,41.9,89.4,7.9,27.01290323,1
3/1/2007,MonetshinoNP,mnp,-6.864977132,41.51193338528612,11.5,60,4,0,90.7,44,92.4,5.5,27.01290323,1
3/1/2007,MonetshinoNP,mnp,-6.403715283,41.51587406566292,11.7,33,4,0,91.2,48.3,97.8,12.5,27.01290323,1
8/1/2007,MonetshinoNP,mnp,-6.848169083,41.48324371,24.2,28,2.7,0,95.2,131.7,578.8,10.4,26.27096774,1
8/1/2007,MonetshinoNP,mnp,-6.374059171,41.44653390156995,24.6,22,4.5,0,94.8,108.3,647.1,17,26.27096774,1
9/1/2007,MonetshinoNP,mnp,-6.562057963,41.44501563415034,24.3,25,4,0,92.9,133.3,699.6,9.2,25.84666667,1
8/1/2007,MonetshinoNP,mnp,-6.964382073,41.58510870209822,24.6,22,4.5,0,94.8,108.3,647.1,17,26.27096774,1
8/1/2007,MonetshinoNP,mnp,-7.08726588,41.45556489106249,23.5,36,5.4,0,93.9,135.7,586.7,15.1,26.27096774,1
4/1/2007,MonetshinoNP,mnp,-6.431364883,41.46384790066594,5.8,54,5.8,0,81.5,9.1,55.2,2.7,27.63,1
9/1/2007,MonetshinoNP,mnp,-6.907545488,41.553816937905914,21.5,15,0.9,0,92.9,137,706.4,9.2,25.84666667,1
9/1/2007,MonetshinoNP,mnp,-6.484400431,41.46994585155289,13.9,59,6.3,0,91,129.5,692.6,7,25.84666667,1
9/1/2007,MonetshinoNP,mnp,-6.930925115,41.49785681770912,22.6,38,3.6,0,63.5,70.8,665.3,0.8,25.84666667,1
9/1/2007,MonetshinoNP,mnp,-6.303115567,41.538448852881615,21.6,33,2.2,0,91,129.5,692.6,7,25.84666667,1
3/1/2007,MonetshinoNP,mnp,-6.979253834,41.56618747,12.4,54,3.6,0,90.1,37.6,83.7,7.2,27.01290323,1
2/1/2007,MonetshinoNP,mnp,-6.446387173,41.546943140653035,8.8,68,2.2,0,83.9,8.7,32.1,2.1,26.78928571,1
10/1/2007,MonetshinoNP,mnp,-6.495346961,41.505759533894654,20.2,37,2.7,0,91.4,37.9,673.8,5.2,25.43225806,1
3/1/2007,MonetshinoNP,mnp,-6.792944933,41.43167477682531,15.1,64,4,0,90.6,50.1,100.4,7.8,27.01290323,1
9/1/2007,MonetshinoNP,mnp,-6.767664787,41.49898412,22.1,34,1.8,0,92.9,137,706.4,9.2,25.84666667,1
8/1/2007,MonetshinoNP,mnp,-6.950688164,41.45725248146138,22.9,31,7.2,0,93.5,139.4,594.2,20.3,26.27096774,1
9/1/2007,MonetshinoNP,mnp,-7.09656882,41.47709924161539,20.7,37,2.2,0,91,129.5,692.6,7,25.84666667,1
9/1/2007,MonetshinoNP,mnp,-6.391728566,41.52372853900564,19.6,33,6.3,0,92.4,117.9,668,12.2,25.84666667,1
9/1/2007,MonetshinoNP,mnp,-6.602976056,41.52779494066636,23.2,26,4.9,0,93.7,80.9,685.2,17.9,25.84666667,1
10/1/2007,MonetshinoNP,mnp,-6.644393207,41.525750108783235,18.4,25,3.1,0,90.6,43.7,686.9,6.7,25.43225806,1
8/1/2007,MonetshinoNP,mnp,-6.825564835,41.52995456,5.1,96,5.8,0,93.5,139.4,594.2,20.3,26.27096774,1
9/1/2007,MonetshinoNP,mnp,-6.771752318,41.509525876007636,20.1,47,4.9,0,94.3,85.1,692.3,15.9,25.84666667,1
3/1/2007,MonetshinoNP,mnp,-7.062660103,41.51774778192369,11,46,5.8,0,87.6,52.2,103.8,5,27.01290323,1
3/1/2007,MonetshinoNP,mnp,-6.485786995,41.54502838221257,17,27,4.9,0,91.7,35.8,80.8,7.8,27.01290323,1
3/1/2007,MonetshinoNP,mnp,-7.032957177,41.54316614,17,27,4.9,0,91.7,35.8,80.8,7.8,27.01290323,1
9/1/2007,MonetshinoNP,mnp,-6.877970496,41.58065020205797,16.9,60,1.3,0,92.4,124.1,680.7,8.5,25.84666667,1
9/1/2007,MonetshinoNP,mnp,-7.023825019,41.4801531,12.4,73,6.3,0,88.6,91.8,709.9,7.1,25.84666667,1
9/1/2007,MonetshinoNP,mnp,-6.689733626,41.43393708844979,19.4,19,1.3,0,92.9,133.3,699.6,9.2,25.84666667,1
3/1/2007,MonetshinoNP,mnp,-6.933148815,41.58865347875198,15.2,27,3.1,0,90.1,39.7,86.6,6.2,27.01290323,1
8/1/2007,MonetshinoNP,mnp,-6.894348163,41.472901589472194,16.2,59,3.1,0,90.2,99.6,631.2,6.3,26.27096774,1
9/1/2007,MonetshinoNP,mnp,-6.862612836,41.47415193034432,18.6,49,3.6,0,93.3,141.2,713.9,13.9,25.84666667,1
3/1/2007,MonetshinoNP,mnp,-6.636158155,41.45707894967184,11,46,5.8,0,87.6,52.2,103.8,5,27.01290323,1
7/1/2007,MonetshinoNP,mnp,-6.789705529,41.439525442226646,13.4,79,3.6,0,88.3,150.3,309.9,6.8,26.91612903,1
9/1/2007,MonetshinoNP,mnp,-6.809577522,41.44598826669403,15.4,57,4.5,0,90.1,82.9,735.7,6.2,25.84666667,1
9/1/2007,MonetshinoNP,mnp,-7.078345342,41.50201768928523,22.9,39,4.9,0,93.5,149.3,728.6,8.1,25.84666667,1
10/1/2007,MonetshinoNP,mnp,-6.791663423,41.581877341492884,16.1,44,4,0,91.7,48.5,696.1,11.1,25.43225806,1
8/1/2007,MonetshinoNP,mnp,-6.975565989,41.44848657704914,20.1,34,4.5,0,92.2,81.8,480.8,11.9,26.27096774,1
9/1/2007,MonetshinoNP,mnp,-7.033181848,41.57923295148617,28.3,26,3.1,0,93.5,149.3,728.6,8.1,25.84666667,1
8/1/2007,MonetshinoNP,mnp,-7.038761251,41.54030167106145,16.4,43,4,0,92.2,81.8,480.8,11.9,26.27096774,1
9/1/2007,MonetshinoNP,mnp,-6.492139916,41.51122005704247,26.4,21,4.5,0,92.9,133.3,699.6,9.2,25.84666667,1
9/1/2007,MonetshinoNP,mnp,-6.527989874,41.47652015735451,27.8,27,3.1,0,93.5,149.3,728.6,8.1,25.84666667,1
9/1/2007,MonetshinoNP,mnp,-6.627212288,41.55418593216105,18.7,43,2.7,0,91,129.5,692.6,7,25.84666667,1
9/1/2007,MonetshinoNP,mnp,-7.061024674,41.563946164789066,24.3,36,3.1,0,84.4,73.4,671.9,3.2,25.84666667,1
9/1/2007,MonetshinoNP,mnp,-6.790415938,41.454765325665825,17.7,25,3.1,0,92.5,121.1,674.4,8.6,25.84666667,1
8/1/2007,MonetshinoNP,mnp,-6.324017518,41.43664972617254,19.6,41,5.8,0,91.4,142.4,601.4,10.6,26.27096774,1
9/1/2007,MonetshinoNP,mnp,-6.508939116,41.44294237536893,18.2,46,1.8,0,92.5,121.1,674.4,8.6,25.84666667,1
9/1/2007,MonetshinoNP,mnp,-6.779878856,41.492206191737026,18.8,40,2.2,0,91,129.5,692.6,7,25.84666667,1
9/1/2007,MonetshinoNP,mnp,-7.090918927,41.56914636263512,25.1,27,4,0,92.5,121.1,674.4,8.6,25.84666667,1
4/1/2007,MonetshinoNP,mnp,-6.386242843,41.56781993830613,13.4,75,1.8,0,81.9,3,7.9,3.5,27.63,1
4/1/2007,MonetshinoNP,mnp,-6.545108998,41.50201928891447,15.2,51,2.7,0,88,17.2,43.5,3.8,27.63,1
4/1/2007,MonetshinoNP,mnp,-6.472427691,41.54864007910512,16.7,20,3.1,0,83,23.3,85.3,2.3,27.63,1
8/1/2007,MonetshinoNP,mnp,-6.932980797,41.56677376946502,15.4,66,4,0,94.2,122.3,589.9,12.9,26.27096774,1
8/1/2007,MonetshinoNP,mnp,-6.480382728,41.50811628003709,21.9,73,7.6,1,91.8,175.1,700.7,13.8,26.27096774,1
8/1/2007,MonetshinoNP,mnp,-6.671174317,41.585986115985065,22.4,54,7.6,0,91.8,175.1,700.7,13.8,26.27096774,1
8/1/2007,MonetshinoNP,mnp,-6.428400704,41.432826016522576,26.8,38,6.3,0,91.8,175.1,700.7,13.8,26.27096774,1
8/1/2007,MonetshinoNP,mnp,-7.023822962,41.521541864629675,25.7,39,5.4,0,91.8,175.1,700.7,13.8,26.27096774,1
8/1/2007,MonetshinoNP,mnp,-6.544587703,41.48923687,20.7,70,2.2,0,92.2,91.6,503.6,9.6,26.27096774,1
8/1/2007,MonetshinoNP,mnp,-6.324188506,41.53358952669791,28.7,28,2.7,0,93.1,157.3,666.7,13.5,26.27096774,1
8/1/2007,MonetshinoNP,mnp,-7.086129716,41.446845774687326,21.7,40,0.4,0,93.1,157.3,666.7,13.5,26.27096774,1
8/1/2007,MonetshinoNP,mnp,-6.713520581,41.432890836661635,26.8,25,3.1,0,93.1,157.3,666.7,13.5,26.27096774,1
8/1/2007,MonetshinoNP,mnp,-6.362359053,41.55190009247326,24,36,3.1,0,93.1,157.3,666.7,13.5,26.27096774,1
8/1/2007,MonetshinoNP,mnp,-6.59801216,41.559976867539135,22.1,37,3.6,0,93.1,157.3,666.7,13.5,26.27096774,1
8/1/2007,MonetshinoNP,mnp,-6.709693082,41.562420490170545,21.4,38,2.7,0,91.9,109.2,565.5,8,26.27096774,1
8/1/2007,MonetshinoNP,mnp,-7.060213206,41.487149669032426,18.9,41,3.1,0,91.6,138.1,621.7,6.3,26.27096774,1
8/1/2007,MonetshinoNP,mnp,-6.933508784,41.47347361328946,22.3,46,4,0,87.5,77,694.8,5,26.27096774,1
8/1/2007,MonetshinoNP,mnp,-6.754507083,41.49031787679596,23.9,41,2.2,0,94.2,117.2,581.1,11,26.27096774,1
8/1/2007,MonetshinoNP,mnp,-6.468420854,41.57702024,21.4,44,2.7,0,94.2,117.2,581.1,11,26.27096774,1
8/1/2007,MonetshinoNP,mnp,-6.69728156,41.553472398092545,20.6,59,0.9,0,91.8,170.9,692.3,13.7,26.27096774,1
8/1/2007,MonetshinoNP,mnp,-6.663461952,41.521710852628324,23.7,40,1.8,0,91.8,170.9,692.3,13.7,26.27096774,1
8/1/2007,MonetshinoNP,mnp,-6.347770723,41.438505465049126,28.3,32,4,0,93.6,97.9,542,14.4,26.27096774,1
8/1/2007,MonetshinoNP,mnp,-6.752531775,41.45952038794001,11.2,84,7.6,0,91.6,112.4,573,8.9,26.27096774,1
8/1/2007,MonetshinoNP,mnp,-6.553833346,41.47670242013306,21.4,42,3.1,0,91.6,112.4,573,8.9,26.27096774,1
8/1/2007,MonetshinoNP,mnp,-6.739706941,41.52906685074136,19.3,39,3.6,0,91.1,141.1,629.1,7.1,26.27096774,1
8/1/2007,MonetshinoNP,mnp,-6.400153667,41.54288587109107,21.8,53,3.1,0,94.3,167.6,684.4,13,26.27096774,1
8/1/2007,MonetshinoNP,mnp,-6.627416485,41.501259199009894,22.1,54,7.6,0,93.7,102.2,550.3,14.6,26.27096774,1
8/1/2007,MonetshinoNP,mnp,-6.92830491,41.52875736,19.4,55,4,0,94.3,131.7,607.1,22.7,26.27096774,1
8/1/2007,MonetshinoNP,mnp,-6.617183114,41.51011040303893,23.7,24,3.1,0,92.1,152.6,658.2,14.3,26.27096774,1
8/1/2007,MonetshinoNP,mnp,-6.337154742,41.45895994764704,21,32,3.1,0,92.1,152.6,658.2,14.3,26.27096774,1
8/1/2007,MonetshinoNP,mnp,-6.566313381,41.56229176828168,19.1,53,2.7,0,92.1,152.6,658.2,14.3,26.27096774,1
8/1/2007,MonetshinoNP,mnp,-7.093820731,41.57988791,21.8,56,3.1,0,92.1,152.6,658.2,14.3,26.27096774,1
8/1/2007,MonetshinoNP,mnp,-6.874806736,41.57123181100229,20.1,58,4.5,0,92.1,152.6,658.2,14.3,26.27096774,1
8/1/2007,MonetshinoNP,mnp,-6.642283752,41.458569149022914,20.2,47,4,0,92.1,152.6,658.2,14.3,26.27096774,1
12/1/2007,MonetshinoNP,mnp,-6.498395424,41.48321125888233,4.8,57,8.5,0,84.4,27.2,353.5,6.8,25.39677419,1
12/1/2007,MonetshinoNP,mnp,-6.956178013,41.46431530258722,5.1,61,8,0,84,27.8,354.6,5.3,25.39677419,1
12/1/2007,MonetshinoNP,mnp,-6.932316756,41.51222133400178,5.1,61,4.9,0,84.6,26.4,352,2,25.39677419,1
12/1/2007,MonetshinoNP,mnp,-6.432023029,41.461299284821365,4.6,21,8.5,0,85.4,25.4,349.7,2.6,25.39677419,1
12/1/2007,MonetshinoNP,mnp,-6.39359389,41.50428253999101,4.6,21,8.5,0,85.4,25.4,349.7,2.6,25.39677419,1
12/1/2007,MonetshinoNP,mnp,-7.040495872,41.515409258083515,4.6,21,8.5,0,85.4,25.4,349.7,2.6,25.39677419,1
12/1/2007,MonetshinoNP,mnp,-6.589627335,41.55825413925215,4.6,21,8.5,0,85.4,25.4,349.7,2.6,25.39677419,1
12/1/2007,MonetshinoNP,mnp,-6.977912484,41.47694886243677,2.2,59,4.9,0,84.7,26.7,352.6,4.1,25.39677419,1
12/1/2007,MonetshinoNP,mnp,-6.695735343,41.430901526216296,5.1,24,8.5,0,85.4,25.4,349.7,2.6,25.39677419,1
2/1/2007,MonetshinoNP,mnp,-7.078050346,41.433142000195886,4.2,51,4,0,84.9,27.5,353.5,3.4,26.78928571,1
2/1/2007,MonetshinoNP,mnp,-6.951014284,41.47695492562664,8.8,35,3.1,0,86.9,6.6,18.7,3.2,26.78928571,1
2/1/2007,MonetshinoNP,mnp,-7.008757727,41.52079202726949,7.5,46,8,0,85.2,4.9,15.8,6.3,26.78928571,1
7/1/2007,MonetshinoNP,mnp,-6.616580004,41.579649174329894,23.4,40,6.3,0,93.9,169.7,411.8,12.3,26.91612903,1
7/1/2007,MonetshinoNP,mnp,-7.031428632,41.483247115891686,12.6,90,7.6,0.2,91.2,183.1,437.7,12.5,26.91612903,1
7/1/2007,MonetshinoNP,mnp,-6.418439972,41.56566395618846,22.1,49,2.7,0,91.6,104.2,474.9,9,26.91612903,1
7/1/2007,MonetshinoNP,mnp,-6.447301718,41.44383876,24.2,32,1.8,0,91.6,104.2,474.9,9,26.91612903,1
7/1/2007,MonetshinoNP,mnp,-6.898164488,41.580200569313355,24.3,30,1.8,0,91.6,104.2,474.9,9,26.91612903,1
7/1/2007,MonetshinoNP,mnp,-6.366091699,41.43097441719337,18.7,53,1.8,0,91.6,104.2,474.9,9,26.91612903,1
7/1/2007,MonetshinoNP,mnp,-6.382200741,41.496238101810675,25.3,39,0.9,0,91.6,104.2,474.9,9,26.91612903,1
7/1/2007,MonetshinoNP,mnp,-6.889820632,41.589545861000346,22.9,40,1.3,0,91.6,100.2,466.3,6.3,26.91612903,1
7/1/2007,MonetshinoNP,mnp,-6.936724874,41.53507718583955,26.9,28,5.4,0,93.1,180.4,430.8,11,26.91612903,1
7/1/2007,MonetshinoNP,mnp,-6.868420504,41.503746627230235,17.1,67,3.6,0,92.3,88.8,440.9,8.5,26.91612903,1
6/1/2007,MonetshinoNP,mnp,-6.347115277,41.53330742,22.2,48,1.3,0,93.1,180.4,430.8,11,27.53666667,1
6/1/2007,MonetshinoNP,mnp,-6.478573783,41.49051877711785,14.3,46,1.8,0,90.4,89.5,290.8,6.4,27.53666667,1
6/1/2007,MonetshinoNP,mnp,-6.518347334,41.467222279149276,15.4,45,2.2,0,90.4,89.5,290.8,6.4,27.53666667,1
6/1/2007,MonetshinoNP,mnp,-6.736033247,41.45595842492951,19.6,43,4.9,0,91.2,147.8,377.2,12.7,27.53666667,1
6/1/2007,MonetshinoNP,mnp,-6.959713363,41.50752482732538,10.6,90,2.7,0,53.4,71,233.8,0.4,27.53666667,1
6/1/2007,MonetshinoNP,mnp,-6.851768395,41.45644139411866,20.7,25,4.9,0,90.4,93.3,298.1,7.5,27.53666667,1
6/1/2007,MonetshinoNP,mnp,-6.722054066,41.58297711934828,19.1,39,5.4,0,90.4,93.3,298.1,7.5,27.53666667,1
6/1/2007,MonetshinoNP,mnp,-6.407245487,41.446890698922495,19.2,38,4.5,0,91.1,94.1,232.1,7.1,27.53666667,1
6/1/2007,MonetshinoNP,mnp,-6.502853598,41.575860185586556,19.2,38,4.5,0,91.1,94.1,232.1,7.1,27.53666667,1
5/1/2007,MonetshinoNP,mnp,-6.331149478,41.511321436448746,11.3,94,4.9,0,85.1,28,113.8,3.5,27.37419355,1
9/1/2007,MonetshinoNP,mnp,-6.792660967,41.466988643899384,19,52,2.2,0,89.6,84.1,714.3,5.7,25.84666667,1
9/1/2007,MonetshinoNP,mnp,-6.435575538,41.54831358252164,17.1,53,5.4,0,89.6,84.1,714.3,5.7,25.84666667,1
9/1/2007,MonetshinoNP,mnp,-6.619818827,41.48761099265688,23.8,35,3.6,0,89.6,84.1,714.3,5.7,25.84666667,1
9/1/2007,MonetshinoNP,mnp,-7.048144076,41.54399825604797,16,45,1.8,0,92.4,105.8,758.1,9.9,25.84666667,1
9/1/2007,MonetshinoNP,mnp,-6.331179699,41.45664171613243,24.9,27,2.2,0,92.4,105.8,758.1,9.9,25.84666667,1
9/1/2007,MonetshinoNP,mnp,-6.994638226,41.49403461270566,25.3,27,2.7,0,92.4,105.8,758.1,9.9,25.84666667,1
9/1/2007,MonetshinoNP,mnp,-6.595023142,41.474021328420534,24.8,28,1.8,0,92.4,105.8,758.1,9.9,25.84666667,1
9/1/2007,MonetshinoNP,mnp,-7.05473986,41.529168548990135,12.2,78,6.3,0,50.4,46.2,706.6,0.4,25.84666667,1
9/1/2007,MonetshinoNP,mnp,-6.651947411,41.443834058529156,24.3,27,4.9,0,92.6,115.4,777.1,8.8,25.84666667,1
9/1/2007,MonetshinoNP,mnp,-6.990996522,41.50229274793008,19.7,41,1.8,0,92.6,115.4,777.1,8.8,25.84666667,1
9/1/2007,MonetshinoNP,mnp,-6.351399472,41.50057412323331,18.5,30,2.7,0,91.2,134.7,817.5,7.2,25.84666667,1
9/1/2007,MonetshinoNP,mnp,-6.493524514,41.44579515398833,18.6,24,5.8,0,92.4,96.2,739.4,8.6,25.84666667,1
9/1/2007,MonetshinoNP,mnp,-6.82412647,41.43588139116122,19.2,24,4.9,0,92.4,96.2,739.4,8.6,25.84666667,1
9/1/2007,MonetshinoNP,mnp,-6.548371943,41.56470130182179,21.6,27,2.2,0,92.8,119,783.5,7.5,25.84666667,1
9/1/2007,MonetshinoNP,mnp,-6.773771221,41.589950646956666,21.6,28,6.3,0,92.8,119,783.5,7.5,25.84666667,1
9/1/2007,MonetshinoNP,mnp,-6.663503276,41.47667222906157,18.9,34,7.2,0,92.8,119,783.5,7.5,25.84666667,1
9/1/2007,MonetshinoNP,mnp,-6.713869781,41.54755624291181,16.8,28,4,0,92.8,119,783.5,7.5,25.84666667,1
9/1/2007,MonetshinoNP,mnp,-6.307947443,41.48169374682721,16.8,28,4,0,92.8,119,783.5,7.5,25.84666667,1
9/1/2007,MonetshinoNP,mnp,-6.469550714,41.565450011914365,12.9,39,2.7,0,90.7,136.9,822.8,6.8,25.84666667,1
9/1/2007,MonetshinoNP,mnp,-6.860332396,41.57841676346331,13.7,56,1.8,0,88.1,53.3,726.9,5.4,25.84666667,1
9/1/2007,MonetshinoNP,mnp,-6.948563098,41.445103446066454,24.2,27,3.1,0,92.2,102.3,751.5,8.4,25.84666667,1
9/1/2007,MonetshinoNP,mnp,-6.702873811,41.52670179533718,24.1,27,3.1,0,92.2,102.3,751.5,8.4,25.84666667,1
9/1/2007,MonetshinoNP,mnp,-6.964234348,41.43966468208342,21.2,32,2.2,0,92.2,102.3,751.5,8.4,25.84666667,1
9/1/2007,MonetshinoNP,mnp,-6.808897674,41.46603447743417,19.7,35,1.8,0,92.2,102.3,751.5,8.4,25.84666667,1
9/1/2007,MonetshinoNP,mnp,-7.014865991,41.43164508,23.5,27,4,0,92.2,102.3,751.5,8.4,25.84666667,1
9/1/2007,MonetshinoNP,mnp,-7.085714884,41.540946782269906,24.2,27,3.1,0,92.2,102.3,751.5,8.4,25.84666667,1
9/1/2007,MonetshinoNP,mnp,-6.752564967,41.48453405315374,21.5,28,4.5,0,91.2,124.4,795.3,8.5,25.84666667,1
9/1/2007,MonetshinoNP,mnp,-6.979358939,41.519103537530306,17.1,41,2.2,0,91.2,124.4,795.3,8.5,25.84666667,1
9/1/2007,MonetshinoNP,mnp,-6.427078389,41.447900351720214,18.1,54,3.1,0,92.1,87.7,721.1,9.5,25.84666667,1
9/1/2007,MonetshinoNP,mnp,-6.975169919,41.57229461320982,18,51,5.4,0,91.6,108.4,764,6.2,25.84666667,1
9/1/2007,MonetshinoNP,mnp,-6.904085395,41.48848490581377,9.8,86,1.8,0,91.6,108.4,764,6.2,25.84666667,1
9/1/2007,MonetshinoNP,mnp,-7.055671214,41.43303097,19.3,44,2.2,0,91.6,108.4,764,6.2,25.84666667,1
9/1/2007,MonetshinoNP,mnp,-6.303865543,41.43242231054473,23,34,2.2,0,91.6,108.4,764,6.2,25.84666667,1
9/1/2007,MonetshinoNP,mnp,-6.478972318,41.513863471918626,22.7,35,2.2,0,91.6,108.4,764,6.2,25.84666667,1
9/1/2007,MonetshinoNP,mnp,-6.982305184,41.45236286231678,20.4,41,1.8,0,91.6,108.4,764,6.2,25.84666667,1
9/1/2007,MonetshinoNP,mnp,-6.921418027,41.52845024278649,19.3,44,2.2,0,91.6,108.4,764,6.2,25.84666667,1
9/1/2007,MonetshinoNP,mnp,-6.92011032,41.44270742082872,15.7,51,2.2,0,91.9,111.7,770.3,6.5,25.84666667,1
9/1/2007,MonetshinoNP,mnp,-6.852362364,41.58987994304991,20.6,37,1.8,0,91.5,130.1,807.1,7.5,25.84666667,1
9/1/2007,MonetshinoNP,mnp,-6.572652159,41.53306154394493,15.9,51,4.5,0,91.5,130.1,807.1,7.5,25.84666667,1
9/1/2007,MonetshinoNP,mnp,-6.341363467,41.47940998582122,12.2,66,4.9,0,91.5,130.1,807.1,7.5,25.84666667,1
9/1/2007,MonetshinoNP,mnp,-6.758012226,41.549907519168386,16.8,43,3.1,0,91.5,130.1,807.1,7.5,25.84666667,1
9/1/2007,MonetshinoNP,mnp,-6.324873061,41.43209864873639,21.3,35,2.2,0,91.5,130.1,807.1,7.5,25.84666667,1
9/1/2007,MonetshinoNP,mnp,-7.032713889,41.53995877323726,10.1,75,3.6,0,92.1,99,745.3,9.6,25.84666667,1
9/1/2007,MonetshinoNP,mnp,-6.690102776,41.54403899715203,17.4,57,4.5,0,92.1,99,745.3,9.6,25.84666667,1
9/1/2007,MonetshinoNP,mnp,-6.880951161,41.54663816684684,12.8,64,3.6,0,92.1,99,745.3,9.6,25.84666667,1
9/1/2007,MonetshinoNP,mnp,-6.73497506,41.541087809472785,10.1,75,3.6,0,92.1,99,745.3,9.6,25.84666667,1
9/1/2007,MonetshinoNP,mnp,-6.845433739,41.55054413183595,15.4,53,6.3,0,92.1,99,745.3,9.6,25.84666667,1
9/1/2007,MonetshinoNP,mnp,-6.790670814,41.55598305432198,20.6,43,3.6,0,92.1,99,745.3,9.6,25.84666667,1
9/1/2007,MonetshinoNP,mnp,-6.439408463,41.47391118070175,19.8,47,2.7,0,92.1,99,745.3,9.6,25.84666667,1
9/1/2007,MonetshinoNP,mnp,-7.083782749,41.58194813739128,18.7,50,2.2,0,92.1,99,745.3,9.6,25.84666667,1
9/1/2007,MonetshinoNP,mnp,-6.388805708,41.53860815,20.8,35,4.9,0,92.1,99,745.3,9.6,25.84666667,1
9/1/2007,MonetshinoNP,mnp,-6.918096144,41.58192101233824,20.8,35,4.9,0,92.1,99,745.3,9.6,25.84666667,1
9/1/2007,MonetshinoNP,mnp,-6.552147904,41.47770501968163,15.9,55,3.6,0,92.5,122,789.7,10.2,25.84666667,1
9/1/2007,MonetshinoNP,mnp,-7.046828471,41.54897015573222,19.7,39,2.7,0,92.5,122,789.7,10.2,25.84666667,1
9/1/2007,MonetshinoNP,mnp,-6.652308956,41.43808305613908,21.1,39,2.2,0,92.5,122,789.7,10.2,25.84666667,1
9/1/2007,MonetshinoNP,mnp,-6.312358612,41.55663063,18.4,42,2.2,0,92.5,122,789.7,10.2,25.84666667,1
9/1/2007,MonetshinoNP,mnp,-6.365622857,41.54417552764747,17.3,45,4,0,92.5,122,789.7,10.2,25.84666667,1
9/1/2007,MonetshinoNP,mnp,-6.773251553,41.48933556177931,15.2,64,3.1,0,88.2,55.2,732.3,11.6,25.84666667,1
9/1/2007,MonetshinoNP,mnp,-6.766307827,41.520295797558454,15.9,53,2.2,0,91.9,111.7,770.3,6.5,25.84666667,1
9/1/2007,MonetshinoNP,mnp,-6.540402062,41.44223511,21.1,35,2.7,0,91.9,111.7,770.3,6.5,25.84666667,1
9/1/2007,MonetshinoNP,mnp,-6.76789511,41.540610788272375,19.6,45,3.1,0,91.9,111.7,770.3,6.5,25.84666667,1
9/1/2007,MonetshinoNP,mnp,-6.4805255,41.531375027773876,15.9,38,5.4,0,91.1,132.3,812.1,12.5,25.84666667,1
9/1/2007,MonetshinoNP,mnp,-7.007436118,41.44788578775523,16.4,27,3.6,0,91.1,132.3,812.1,12.5,25.84666667,1
9/1/2007,MonetshinoNP,mnp,-6.459126708,41.57386886510217,16.8,47,4.9,0,91.2,94.3,744.4,8.4,25.84666667,1
9/1/2007,MonetshinoNP,mnp,-6.540948201,41.46434944430221,13.8,77,7.6,0,91,276.3,825.1,7.1,25.84666667,1
9/1/2007,MonetshinoNP,mnp,-6.697561724,41.58024043128982,13.8,77,7.6,0,91,276.3,825.1,7.1,25.84666667,1
7/1/2007,MonetshinoNP,mnp,-6.621921405,41.49987041724388,14.2,58,4,0,91.9,133.6,520.5,8,26.91612903,1
8/1/2007,MonetshinoNP,mnp,-6.568582803,41.53666209817156,10.4,75,0.9,0,92,203.2,664.5,8.1,26.27096774,1
8/1/2007,MonetshinoNP,mnp,-6.844612264,41.432643989715835,20.3,42,2.7,0,94.8,222.4,698.6,13.9,26.27096774,1
9/1/2007,MonetshinoNP,mnp,-6.321794032,41.47457416300539,10.3,78,4,0,90.3,290,855.3,7.4,25.84666667,1
9/1/2007,MonetshinoNP,mnp,-6.683454423,41.532474781967124,15.4,57,4.9,0,91.2,94.3,744.4,8.4,25.84666667,1
8/1/2007,MonetshinoNP,mnp,-6.609764458,41.56090432107319,21.1,54,2.2,0,92.1,207,672.6,8.2,26.27096774,1
8/1/2007,MonetshinoNP,mnp,-6.504097846,41.4611099,21.9,42,2.2,0,93.7,231.1,715.1,8.4,26.27096774,1
3/1/2007,MonetshinoNP,mnp,-6.564661758,41.497658520355166,8.7,51,5.8,0,90.9,18.9,30.6,8,27.01290323,1
1/1/2007,MonetshinoNP,mnp,-6.413522202,41.552541728922634,5.2,100,0.9,0,18.7,1.1,171.4,0,27.33870968,1
7/1/2007,MonetshinoNP,mnp,-6.974207336,41.574231007474445,19.3,39,7.2,0,93.7,101.3,458.8,11.9,26.91612903,1
8/1/2007,MonetshinoNP,mnp,-6.798014139,41.54964200178225,16.2,63,2.7,0,90.7,194.1,643,6.8,26.27096774,1
8/1/2007,MonetshinoNP,mnp,-6.586894093,41.47429001375656,28.2,29,1.8,0,95.2,217.7,690,18,26.27096774,1
8/1/2007,MonetshinoNP,mnp,-6.925972537,41.48607899,20.5,58,2.7,0,91.6,248.4,753.8,6.3,26.27096774,1
8/1/2007,MonetshinoNP,mnp,-6.769234807,41.54655377366703,21.3,44,4.5,0,91.6,273.8,819.1,7.7,26.27096774,1
8/1/2007,MonetshinoNP,mnp,-6.40219776,41.50164357539012,20.9,50,2.2,0,91.6,181.3,613,7.6,26.27096774,1
9/1/2007,MonetshinoNP,mnp,-6.771781374,41.492945102736876,20.6,55,5.4,0,90.5,96.7,750.5,11.4,25.84666667,1
3/1/2007,MonetshinoNP,mnp,-6.994137168,41.54960446,11.6,48,5.4,0,90.9,18.9,30.6,8,27.01290323,1
8/1/2007,MonetshinoNP,mnp,-6.478853273,41.570591821322566,23.3,34,3.1,0,94.8,227,706.7,12,26.27096774,1
8/1/2007,MonetshinoNP,mnp,-7.00734203,41.533069710446846,23.3,34,3.1,0,94.8,227,706.7,12,26.27096774,1
2/1/2007,MonetshinoNP,mnp,-6.612503593,41.45132585999227,7.5,71,6.3,0,84.7,9.5,58.3,4.1,26.78928571,1
9/1/2007,MonetshinoNP,mnp,-6.726006472,41.445378030973934,20.7,46,2.7,0,91.1,91.3,738.1,7.2,25.84666667,1
9/1/2007,MonetshinoNP,mnp,-6.610804904,41.473154862908146,21.9,43,4,0,91,276.3,825.1,7.1,25.84666667,1
3/1/2007,MonetshinoNP,mnp,-6.483063698,41.585205701979014,15.2,19,7.6,0,93.4,15,25.6,11.4,27.01290323,1
2/1/2007,MonetshinoNP,mnp,-6.790174614,41.547995208958966,5.3,68,1.8,0,84.1,4.6,46.7,2.2,26.78928571,1
2/1/2007,MonetshinoNP,mnp,-6.458174156,41.52273895993952,10.1,62,1.8,0,85,9,56.9,3.5,26.78928571,1
9/1/2007,MonetshinoNP,mnp,-7.022947695,41.459298477466426,20.4,55,4.9,0,90.5,96.7,750.5,11.4,25.84666667,1
8/1/2007,MonetshinoNP,mnp,-6.407988482,41.56853346098221,24.3,33,3.6,0,91.6,181.3,613,7.6,26.27096774,1
8/1/2007,MonetshinoNP,mnp,-6.681639285,41.56814856618585,25.9,32,3.1,0,93.7,231.1,715.1,8.4,26.27096774,1
6/1/2007,MonetshinoNP,mnp,-6.790730464,41.501558129166106,28,34,4.5,0,93.3,49.5,297.7,14,27.53666667,1
6/1/2007,MonetshinoNP,mnp,-6.71071505,41.57643244,28,34,4.5,0,93.3,49.5,297.7,14,27.53666667,1
9/1/2007,MonetshinoNP,mnp,-6.561340485,41.456240844918305,22.8,46,4,0,91.1,88.2,731.7,8.3,25.84666667,1
8/1/2007,MonetshinoNP,mnp,-6.449777435,41.53821972324228,25,36,4,0,94.8,227,706.7,12,26.27096774,1
8/1/2007,MonetshinoNP,mnp,-6.667369368,41.481105686722834,21.3,41,3.6,0,90.7,194.1,643,6.8,26.27096774,1
9/1/2007,MonetshinoNP,mnp,-6.676796455,41.51499425185035,21.8,34,2.2,0,87.9,84.8,725.1,3.7,25.84666667,1
8/1/2007,MonetshinoNP,mnp,-6.65158386,41.490471175620726,27.9,27,2.2,0,94.6,212.1,680.9,9.5,26.27096774,1
9/1/2007,MonetshinoNP,mnp,-6.869900496,41.525188700676146,17,67,4.9,0,87.1,291.3,860.6,4,25.84666667,1
2/1/2007,MonetshinoNP,mnp,-6.660100153,41.57239369680236,14.2,46,4,0,84.7,8.2,55,2.9,26.78928571,1
9/1/2007,MonetshinoNP,mnp,-6.565850081,41.47258808,19.9,44,3.1,0,90.3,290,855.3,7.4,25.84666667,1
7/1/2007,MonetshinoNP,mnp,-6.475534296,41.46735281359908,23.4,31,5.4,0,92.3,96.2,450.2,12.1,26.91612903,1
2/1/2007,MonetshinoNP,mnp,-6.504923377,41.58480179,14.7,42,2.7,0,84.1,7.3,52.8,2.7,26.78928571,1
2/1/2007,MonetshinoNP,mnp,-6.523256951,41.436485221964084,8.2,53,9.4,0,84.6,3.2,43.6,3.3,26.78928571,1
7/1/2007,MonetshinoNP,mnp,-6.444971084,41.51715357,22.8,27,4.5,0,92.3,92.1,442.1,9.8,26.91612903,1
8/1/2007,MonetshinoNP,mnp,-6.426369588,41.53456301336724,26.4,33,3.6,0,93.7,231.1,715.1,8.4,26.27096774,1
8/1/2007,MonetshinoNP,mnp,-6.553319941,41.55097097962538,24.1,50,4,0,93.6,235.1,723.1,10.1,26.27096774,1
8/1/2007,MonetshinoNP,mnp,-7.046896448,41.446653890628866,27.5,27,4.9,0,94.8,222.4,698.6,13.9,26.27096774,1
7/1/2007,MonetshinoNP,mnp,-6.776195538,41.46336187084604,26.3,39,3.1,0,92.7,164.1,575.8,8.9,26.91612903,1
3/1/2007,MonetshinoNP,mnp,-6.576561531,41.45850802083541,13.8,24,5.8,0,93.4,17.3,28.3,9.9,27.01290323,1
8/1/2007,MonetshinoNP,mnp,-6.773961115,41.48789043745681,24.9,42,5.4,0,92,203.2,664.5,8.1,26.27096774,1
8/1/2007,MonetshinoNP,mnp,-6.904820376,41.49722779903872,24.8,36,4,0,91.6,181.3,613,7.6,26.27096774,1
8/1/2007,MonetshinoNP,mnp,-6.975386481,41.572736932853594,26.2,36,4.5,0,91.7,191.4,635.9,7.8,26.27096774,1
8/1/2007,MonetshinoNP,mnp,-6.716432739,41.47565781666288,30.8,19,4.5,0,95.2,217.7,690,18,26.27096774,1
7/1/2007,MonetshinoNP,mnp,-6.649651647,41.51725333227498,29.3,27,3.6,0,88.9,263.1,795.9,5.2,26.91612903,1
9/1/2007,MonetshinoNP,mnp,-6.766732624,41.44718736501569,22.3,48,4,0,91.2,94.3,744.4,8.4,25.84666667,1
8/1/2007,MonetshinoNP,mnp,-6.831595673,41.43593509312616,26.9,31,3.6,0,93.7,231.1,715.1,8.4,26.27096774,1
8/1/2007,MonetshinoNP,mnp,-7.093406394,41.58341581034088,20.4,56,2.2,0,91.6,248.4,753.8,6.3,26.27096774,1
8/1/2007,MonetshinoNP,mnp,-6.795906842,41.586219491615445,20.4,56,2.2,0,91.6,248.4,753.8,6.3,26.27096774,1
8/1/2007,MonetshinoNP,mnp,-6.765794563,41.431172098424774,27.9,33,2.2,0,92.1,207,672.6,8.2,26.27096774,1
8/1/2007,MonetshinoNP,mnp,-7.032412522,41.583886421863184,26.2,34,5.8,0,94.8,222.4,698.6,13.9,26.27096774,1
8/1/2007,MonetshinoNP,mnp,-6.688865316,41.530895154078955,24.6,44,4,0,91.6,181.3,613,7.6,26.27096774,1
9/1/2007,MonetshinoNP,mnp,-6.412872137,41.47370889228515,19.4,45,3.6,0,89.7,287.2,849.3,6.8,25.84666667,1
8/1/2007,MonetshinoNP,mnp,-6.98272474,41.52590018672626,23.3,40,4,0,92.1,178,605.3,9.6,26.27096774,1
8/1/2007,MonetshinoNP,mnp,-6.541533073,41.48148835556428,23.9,38,6.7,0,94.8,222.4,698.6,13.9,26.27096774,1
8/1/2007,MonetshinoNP,mnp,-6.893956396,41.508508699987885,20.9,66,4.9,0,93.6,235.1,723.1,10.1,26.27096774,1
8/1/2007,MonetshinoNP,mnp,-6.390883886,41.58906739,22.2,45,3.6,0,90.6,269.8,811.2,5.5,26.27096774,1
7/1/2007,MonetshinoNP,mnp,-6.599452045,41.56298306661771,23.8,51,1.8,0,90.8,84.7,376.6,5.6,26.91612903,1
8/1/2007,MonetshinoNP,mnp,-7.094464461,41.436457591585814,26.8,35,1.3,0,92.1,207,672.6,8.2,26.27096774,1
8/1/2007,MonetshinoNP,mnp,-6.843209385,41.434987972196446,14.2,73,2.7,0,89.4,253.6,768.4,9.7,26.27096774,1
8/1/2007,MonetshinoNP,mnp,-6.334717093,41.48043102524759,23.6,53,4,0,93.7,231.1,715.1,8.4,26.27096774,1
9/1/2007,MonetshinoNP,mnp,-6.405217219,41.463090584836834,19.1,46,2.2,0,91.1,91.3,738.1,7.2,25.84666667,1
9/1/2007,MonetshinoNP,mnp,-6.685187423,41.471927901864525,16.2,58,3.6,0,90.3,290,855.3,7.4,25.84666667,1
8/1/2007,MonetshinoNP,mnp,-6.998849342,41.55360151808706,25.5,29,1.8,0,92.1,207,672.6,8.2,26.27096774,1
4/1/2007,MonetshinoNP,mnp,-6.369000958,41.56554532228001,10.9,64,3.1,0,87.9,24.9,41.6,3.7,27.63,1
7/1/2007,MonetshinoNP,mnp,-6.534643511,41.45494632542826,14.8,78,8,0,90.7,80.9,368.3,16.8,26.91612903,1
9/1/2007,MonetshinoNP,mnp,-7.042371053,41.533055296476974,16.2,58,3.6,0,90.3,290,855.3,7.4,25.84666667,1
8/1/2007,MonetshinoNP,mnp,-6.38128621,41.44680265560239,17.3,80,4.5,0,94,47.9,100.7,10.7,26.27096774,1
8/1/2007,MonetshinoNP,mnp,-6.346519448,41.56085164624769,19.1,70,2.2,0,92,203.2,664.5,8.1,26.27096774,1
3/1/2007,MonetshinoNP,mnp,-6.618728296,41.47327375591233,8.9,35,8,0,93.4,17.3,28.3,9.9,27.01290323,1
9/1/2007,MonetshinoNP,mnp,-6.818302598,41.43372849684459,10.5,77,4,0,89.7,284.9,844,10.1,25.84666667,1
8/1/2007,MonetshinoNP,mnp,-6.755105585,41.465860669369604,19.3,61,4.9,0,91.6,181.3,613,7.6,26.27096774,1
8/1/2007,MonetshinoNP,mnp,-6.446304985,41.585598781199735,23.4,49,5.4,0,95.2,217.7,690,18,26.27096774,1
8/1/2007,MonetshinoNP,mnp,-6.39442131,41.45110319459763,11.8,88,4.9,0,90.5,196.8,649.9,16.3,26.27096774,1
8/1/2007,MonetshinoNP,mnp,-6.321424884,41.510108653637595,17.7,65,4,0,91.5,238.2,730.6,7.5,26.27096774,1
8/1/2007,MonetshinoNP,mnp,-6.98945965,41.497493385588214,17.4,54,3.1,0,89.4,266.2,803.3,5.6,26.27096774,1
8/1/2007,MonetshinoNP,mnp,-6.515330287,41.52229324237651,16.8,56,3.1,0,91.6,248.4,753.8,6.3,26.27096774,1
7/1/2007,MonetshinoNP,mnp,-6.726144884,41.44337982004366,17.9,48,2.7,0,94.6,160,567.2,16.7,26.91612903,1
8/1/2007,MonetshinoNP,mnp,-6.731467733,41.51037434565996,16.6,59,2.7,0,91.6,248.4,753.8,6.3,26.27096774,1
8/1/2007,MonetshinoNP,mnp,-7.034848123,41.522103822620004,19.9,50,4,0,91.7,191.4,635.9,7.8,26.27096774,1
8/1/2007,MonetshinoNP,mnp,-6.466212934,41.571704854849784,18.9,64,4.9,0,93.7,231.1,715.1,8.4,26.27096774,1
8/1/2007,MonetshinoNP,mnp,-6.587940631,41.50639712217708,15.5,72,8,0,91.6,273.8,819.1,7.7,26.27096774,1
8/1/2007,MonetshinoNP,mnp,-6.63155669,41.459807363732104,18.9,64,4.9,0,93.7,231.1,715.1,8.4,26.27096774,1
8/1/2007,MonetshinoNP,mnp,-7.007527084,41.473369351219944,18.9,64,4.9,0,93.7,231.1,715.1,8.4,26.27096774,1
9/1/2007,MonetshinoNP,mnp,-6.927507359,41.47111884070026,14.5,76,7.6,0,91,276.3,825.1,7.1,25.84666667,1
2/1/2007,MonetshinoNP,mnp,-6.697226228,41.500131953680075,4.6,82,6.3,0,75.1,4.4,16.2,1.9,26.78928571,1
2/1/2007,MonetshinoNP,mnp,-6.988536973,41.50993566221834,5.1,77,5.4,0,75.1,4.4,16.2,1.9,26.78928571,1
2/1/2007,MonetshinoNP,mnp,-6.738194977,41.46865378792531,4.6,59,0.9,0,79.5,3.6,15.3,1.8,26.78928571,1
3/1/2007,MonetshinoNP,mnp,-7.039669796,41.462125027448884,10.2,45,5.8,0,87.2,15.1,36.9,7.1,27.01290323,1
3/1/2007,MonetshinoNP,mnp,-6.95014086,41.57485385487421,11.2,41,5.4,0,90.2,18.5,41.1,7.3,27.01290323,1
3/1/2007,MonetshinoNP,mnp,-6.893995434,41.45397440005993,13.3,27,3.6,0,91.3,20.6,43.5,8.5,27.01290323,1
4/1/2007,MonetshinoNP,mnp,-6.541692337,41.491713926391824,13.7,33,9.4,0,91,14.6,25.6,12.3,27.63,1
4/1/2007,MonetshinoNP,mnp,-6.347910336,41.49373996655086,17.6,27,5.8,0,91,14.6,25.6,12.3,27.63,1
5/1/2007,MonetshinoNP,mnp,-6.432889701,41.436268518413584,18,40,4,0,89.6,25.4,73.7,5.7,27.37419355,1
6/1/2007,MonetshinoNP,mnp,-6.404911128,41.45795284010637,14.3,79,4,0,88.2,96.2,229,4.7,27.53666667,1
6/1/2007,MonetshinoNP,mnp,-6.318987478,41.52332859699353,24.5,50,3.1,0,90.5,61.1,252.6,9.4,27.53666667,1
6/1/2007,MonetshinoNP,mnp,-6.653321052,41.44026850370397,26.4,35,2.7,0,93,103.8,316.7,10.8,27.53666667,1
6/1/2007,MonetshinoNP,mnp,-6.895989229,41.452430191134134,22.7,40,9.4,0,93.7,121.7,350.2,18,27.53666667,1
7/1/2007,MonetshinoNP,mnp,-6.463165997,41.471068397136015,27.2,28,1.3,0,93.5,85.3,395,9.9,26.91612903,1
7/1/2007,MonetshinoNP,mnp,-6.4687699,41.468198867266565,26.1,45,4,0,93.7,101.3,423.4,14.7,26.91612903,1
7/1/2007,MonetshinoNP,mnp,-6.803925217,41.47234024992149,18.2,82,4.5,0,93.7,101.3,423.4,14.7,26.91612903,1
7/1/2007,MonetshinoNP,mnp,-6.665083859,41.481759312671294,22.6,57,4.9,0,89.2,103.9,431.6,6.4,26.91612903,1
7/1/2007,MonetshinoNP,mnp,-6.864124928,41.445605781769146,30.2,25,4.5,0,93.2,114.4,560,9.5,26.91612903,1
7/1/2007,MonetshinoNP,mnp,-6.653264218,41.549705416654824,30.2,22,4.9,0,93.2,114.4,560,9.5,26.91612903,1
8/1/2007,MonetshinoNP,mnp,-7.057957175,41.53514558,23.4,40,5.8,0,94.9,130.3,587.1,14.1,26.27096774,1
8/1/2007,MonetshinoNP,mnp,-7.023833702,41.58615532411198,31,27,5.4,0,94.9,130.3,587.1,14.1,26.27096774,1
8/1/2007,MonetshinoNP,mnp,-6.927420719,41.43060590015768,33.1,25,4,0,94.9,130.3,587.1,14.1,26.27096774,1
8/1/2007,MonetshinoNP,mnp,-6.993722679,41.53542121260561,30.6,28,3.6,0,95,135.5,596.3,21.3,26.27096774,1
8/1/2007,MonetshinoNP,mnp,-6.405619812,41.43804594,24.1,43,6.3,0,95.1,141.3,605.8,17.7,26.27096774,1
8/1/2007,MonetshinoNP,mnp,-6.614494993,41.551776804722486,26.4,34,3.6,0,95.1,141.3,605.8,17.7,26.27096774,1
8/1/2007,MonetshinoNP,mnp,-6.917184862,41.47531237,19.4,71,7.6,0,95.1,141.3,605.8,17.7,26.27096774,1
8/1/2007,MonetshinoNP,mnp,-6.490536162,41.49806552013491,20.6,58,1.3,0,95.1,141.3,605.8,17.7,26.27096774,1
8/1/2007,MonetshinoNP,mnp,-7.053204775,41.518777285305326,28.7,33,4,0,95.1,141.3,605.8,17.7,26.27096774,1
8/1/2007,MonetshinoNP,mnp,-6.37246397,41.564800328635464,32.4,21,4.5,0,95.8,152,624.1,13.8,26.27096774,1
8/1/2007,MonetshinoNP,mnp,-6.793711553,41.56932334874859,32.4,27,2.2,0,95.9,158,633.6,11.3,26.27096774,1
8/1/2007,MonetshinoNP,mnp,-6.981866298,41.440687232950516,27.5,29,4.5,0,95.9,158,633.6,11.3,26.27096774,1
8/1/2007,MonetshinoNP,mnp,-6.93775997,41.43997316660506,30.8,30,4.9,0,96,164,643,14,26.27096774,1
8/1/2007,MonetshinoNP,mnp,-6.828117888,41.54478466918223,23.9,42,2.2,0,96.2,175.5,661.8,16.8,26.27096774,1
8/1/2007,MonetshinoNP,mnp,-7.009535756,41.488103469619396,32.6,26,3.1,0,96.2,175.5,661.8,16.8,26.27096774,1
8/1/2007,MonetshinoNP,mnp,-6.855229774,41.47236980697215,32.3,27,2.2,0,96.1,181.1,671.2,14.3,26.27096774,1
8/1/2007,MonetshinoNP,mnp,-6.424854277,41.55946765225218,33.3,26,2.7,0,96.1,181.1,671.2,14.3,26.27096774,1
8/1/2007,MonetshinoNP,mnp,-6.676256238,41.54425374680139,27.3,63,4.9,6.4,96.1,181.1,671.2,14.3,26.27096774,1
8/1/2007,MonetshinoNP,mnp,-6.303982244,41.50475118056363,21.6,65,4.9,0.8,96.1,181.1,671.2,14.3,26.27096774,1
8/1/2007,MonetshinoNP,mnp,-6.967794532,41.48667699429227,21.6,65,4.9,0.8,96.1,181.1,671.2,14.3,26.27096774,1
8/1/2007,MonetshinoNP,mnp,-6.311377765,41.491380473741216,20.7,69,4.9,0.4,96.1,181.1,671.2,14.3,26.27096774,1
8/1/2007,MonetshinoNP,mnp,-6.941899738,41.52274385,29.2,30,4.9,0,94.5,139.4,689.1,20,26.27096774,1
8/1/2007,MonetshinoNP,mnp,-6.535844078,41.46313089055961,28.9,29,4.9,0,94.5,139.4,689.1,20,26.27096774,1
8/1/2007,MonetshinoNP,mnp,-7.037300396,41.46796811468034,26.7,35,1.8,0,91,163.2,744.4,10.1,26.27096774,1
8/1/2007,MonetshinoNP,mnp,-6.704673179,41.52146131032968,18.5,73,8.5,0,91,166.9,752.6,7.1,26.27096774,1
8/1/2007,MonetshinoNP,mnp,-6.455928465,41.58931957954625,25.9,41,3.6,0,91,166.9,752.6,7.1,26.27096774,1
8/1/2007,MonetshinoNP,mnp,-6.459558447,41.56304387328875,25.9,41,3.6,0,91,166.9,752.6,7.1,26.27096774,1
8/1/2007,MonetshinoNP,mnp,-6.651285703,41.53436608874861,21.1,71,7.6,1.4,91,166.9,752.6,7.1,26.27096774,1
8/1/2007,MonetshinoNP,mnp,-6.953186093,41.540794483984456,18.2,62,5.4,0,91,166.9,752.6,7.1,26.27096774,1
8/1/2007,MonetshinoNP,mnp,-6.82244879,41.54950278543554,27.8,35,2.7,0,81.6,56.7,665.6,1.9,26.27096774,1
8/1/2007,MonetshinoNP,mnp,-6.62628967,41.44669,27.8,32,2.7,0,81.6,56.7,665.6,1.9,26.27096774,1
8/1/2007,MonetshinoNP,mnp,-6.748428898,41.462932367485884,21.9,71,5.8,0,81.6,56.7,665.6,1.9,26.27096774,1
8/1/2007,MonetshinoNP,mnp,-6.508445183,41.54209603578195,21.2,70,6.7,0,81.6,56.7,665.6,1.9,26.27096774,1
8/1/2007,MonetshinoNP,mnp,-6.967391072,41.48208553218273,25.6,42,4,0,94.4,146,614.7,11.3,26.27096774,1
11/1/2007,MonetshinoNP,mnp,-6.797054747,41.50862691511406,11.8,31,4.5,0,79.5,3,106.7,1.1,25.35,1