timestamp,temp,humidity,wind,rain,FFMC,DMC,DC,ISI,nino34_sst,fire
2012-06-01,29.0,57,18.0,0.0,65.7,3.4,7.6,1.3,27.7,0
2012-06-02,29.0,61,13.0,1.3,64.4,4.1,7.6,1.0,27.7,0
2012-06-03,26.0,82,22.0,13.1,47.1,2.5,7.1,0.3,27.7,0
2012-06-04,25.0,89,13.0,2.5,28.6,1.3,6.9,0.0,27.7,0
2012-06-05,27.0,77,16.0,0.0,64.8,3.0,14.2,1.2,27.7,0
2012-06-06,31.0,67,14.0,0.0,82.6,5.8,22.2,3.1,27.7,1
2012-06-07,33.0,54,13.0,0.0,88.2,9.9,30.5,6.4,27.7,1
2012-06-08,30.0,73,15.0,0.0,86.6,12.1,38.3,5.6,27.7,1
2012-06-09,25.0,88,13.0,0.2,52.9,7.9,38.8,0.4,27.7,0
2012-06-10,28.0,79,12.0,0.0,73.2,9.5,46.3,1.3,27.7,0
2012-06-11,31.0,65,14.0,0.0,84.5,12.5,54.3,4.0,27.7,1
2012-06-12,26.0,81,19.0,0.0,84.0,13.8,61.4,4.8,27.7,1
2012-06-13,27.0,84,21.0,1.2,50.0,6.7,17.0,0.5,28.0,0
2012-06-14,30.0,78,20.0,0.5,59.0,4.6,7.8,1.0,28.0,0
2012-06-15,28.0,80,17.0,3.1,49.4,3.0,7.4,0.4,28.0,0
2012-06-16,29.0,89,13.0,0.7,36.1,1.7,7.6,0.0,28.0,0
2012-06-17,30.0,89,16.0,0.6,37.3,1.1,7.8,0.0,28.0,0
2012-06-18,31.0,78,14.0,0.3,56.9,1.9,8.0,0.7,28.0,0
2012-06-19,31.0,55,16.0,0.1,79.9,4.5,16.0,2.5,28.0,0
2012-06-20,30.0,80,16.0,0.4,59.8,3.4,27.1,0.9,28.2,0
2012-06-21,30.0,78,14.0,0.0,81.0,6.3,31.6,2.6,28.2,1
2012-06-22,31.0,67,17.0,0.1,79.1,7.0,39.5,2.4,28.2,0
2012-06-23,32.0,62,18.0,0.1,81.4,8.2,47.7,3.3,28.2,1
2012-06-24,32.0,66,17.0,0.0,85.9,11.2,55.8,5.6,28.2,1
2012-06-25,31.0,64,15.0,0.0,86.7,14.2,63.8,5.7,28.2,1
2012-06-26,31.0,64,18.0,0.0,86.8,17.8,71.8,6.7,28.2,1
2012-06-27,34.0,53,18.0,0.0,89.0,21.6,80.3,9.2,28.0,1
2012-06-28,32.0,55,14.0,0.0,89.1,25.5,88.5,7.6,28.0,1
2012-06-29,32.0,47,13.0,0.3,79.9,18.4,84.4,2.2,28.0,0
2012-06-30,33.0,50,14.0,0.0,88.7,22.9,92.8,7.2,28.0,1
2012-07-01,29.0,68,19.0,1.0,59.9,2.5,8.6,1.1,28.0,0
2012-07-02,27.0,75,19.0,1.2,55.7,2.4,8.3,0.8,28.0,0
2012-07-03,32.0,76,20.0,0.7,63.1,2.6,9.2,1.3,28.0,0
2012-07-04,33.0,78,17.0,0.0,80.1,4.6,18.5,2.7,27.7,0
2012-07-05,33.0,66,14.0,0.0,85.9,7.6,27.9,4.8,27.7,1
2012-07-06,32.0,63,14.0,0.0,87.0,10.9,37.0,5.6,27.7,1
2012-07-07,35.0,64,18.0,0.2,80.0,9.7,40.4,2.8,27.7,0
2012-07-08,33.0,68,19.0,0.0,85.6,12.5,49.8,6.0,27.7,1
2012-07-09,32.0,68,14.0,1.4,66.6,7.7,9.2,1.1,27.7,0
2012-07-10,33.0,69,13.0,0.7,66.6,6.0,9.3,1.1,27.7,0
2012-07-11,33.0,76,14.0,0.0,81.1,8.1,18.7,2.6,27.2,0
2012-07-12,31.0,75,13.0,0.1,75.1,7.9,27.7,1.5,27.2,0
2012-07-13,34.0,81,15.0,0.0,81.8,9.7,37.2,3.0,27.2,0
2012-07-14,34.0,61,13.0,0.6,73.9,7.8,22.9,1.4,27.2,0
2012-07-15,30.0,80,19.0,0.4,60.7,5.2,17.0,1.1,27.2,0
2012-07-16,28.0,76,21.0,0.0,72.6,7.0,25.5,0.7,27.2,0
2012-07-17,29.0,70,14.0,0.0,82.8,9.4,34.1,3.2,27.2,1
2012-07-18,31.0,68,14.0,0.0,85.4,12.1,43.1,4.6,27.4,1
2012-07-19,35.0,59,17.0,0.0,88.1,12.0,52.8,7.7,27.4,1
2012-07-20,33.0,65,15.0,0.1,81.4,12.3,62.1,2.8,27.4,1
2012-07-21,33.0,70,17.0,0.0,85.4,18.5,71.5,5.2,27.4,1
2012-07-22,28.0,79,18.0,0.1,73.4,16.4,79.9,1.8,27.4,0
2012-07-23,27.0,66,22.0,0.4,68.2,10.5,71.3,1.8,27.4,0
2012-07-24,28.0,78,16.0,0.1,70.0,9.6,79.7,1.4,27.4,0
2012-07-25,31.0,65,18.0,0.0,84.3,12.5,88.7,4.8,27.6,1
2012-07-26,36.0,53,19.0,0.0,89.2,17.1,98.6,10.0,27.6,1
2012-07-27,36.0,48,13.0,0.0,90.3,22.2,108.5,8.7,27.6,1
2012-07-28,33.0,76,15.0,0.0,86.5,24.4,117.8,5.6,27.6,1
2012-07-29,32.0,73,15.0,0.0,86.6,26.7,127.0,5.6,27.6,1
2012-07-30,31.0,79,15.0,0.0,85.4,28.5,136.0,4.7,27.6,1
2012-07-31,35.0,64,17.0,0.0,87.2,31.9,145.7,6.8,27.6,1
2012-08-01,36.0,45,14.0,0.0,78.8,4.8,10.2,2.0,27.6,0
2012-08-02,35.0,55,12.0,0.4,78.0,5.8,10.0,1.7,27.6,0
2012-08-03,35.0,63,14.0,0.3,76.6,5.7,10.0,1.7,27.6,0
2012-08-04,34.0,69,13.0,0.0,85.0,8.2,19.8,4.0,27.6,1
2012-08-05,34.0,65,13.0,0.0,86.8,11.1,29.7,5.2,27.6,1
2012-08-06,32.0,75,14.0,0.0,86.4,13.0,39.1,5.2,27.6,1
2012-08-07,32.0,69,16.0,0.0,86.5,15.5,48.6,5.5,27.6,1
2012-08-08,32.0,60,18.0,0.3,77.1,11.3,47.0,2.2,27.7,0
2012-08-09,35.0,59,17.0,0.0,87.4,14.8,57.0,6.9,27.7,1
2012-08-10,35.0,55,14.0,0.0,88.9,18.6,67.0,7.4,27.7,1
2012-08-11,35.0,63,13.0,0.0,88.9,21.7,77.0,7.1,27.7,1
2012-08-12,35.0,51,13.0,0.3,81.3,15.6,75.1,2.5,27.7,0
2012-08-13,35.0,63,15.0,0.0,87.0,19.0,85.1,5.9,27.7,1
2012-08-14,33.0,66,14.0,0.0,87.0,21.7,94.7,5.7,27.7,1
2012-08-15,36.0,55,13.0,0.3,82.4,15.6,92.5,3.7,27.3,1
2012-08-16,36.0,61,18.0,0.3,80.2,11.7,90.4,2.8,27.3,1
2012-08-17,37.0,52,18.0,0.0,89.3,16.0,100.7,9.7,27.3,1
2012-08-18,36.0,54,18.0,0.0,89.4,20.0,110.9,9.7,27.3,1
2012-08-19,35.0,62,19.0,0.0,89.4,23.2,120.9,9.7,27.3,1
2012-08-20,35.0,68,19.0,0.0,88.3,25.9,130.6,8.8,27.3,1
2012-08-21,36.0,58,19.0,0.0,88.6,29.6,141.1,9.2,27.3,1
2012-08-22,36.0,55,18.0,0.0,89.1,33.5,151.3,9.9,27.3,1
2012-08-23,36.0,53,16.0,0.0,89.5,37.6,161.5,10.4,27.3,1
2012-08-24,34.0,64,14.0,0.0,88.9,40.5,171.3,9.0,27.3,1
2012-08-25,35.0,60,15.0,0.0,88.9,43.9,181.3,8.2,27.3,1
2012-08-26,31.0,78,18.0,0.0,85.8,45.6,190.6,4.7,27.3,1
2012-08-27,33.0,82,21.0,0.0,84.9,47.0,200.2,4.4,27.3,1
2012-08-28,34.0,64,16.0,0.0,89.4,50.2,210.4,7.3,27.3,1
2012-08-29,35.0,48,18.0,0.0,90.1,54.2,220.4,12.5,28.1,1
2012-08-30,35.0,70,17.0,0.8,72.7,25.2,180.4,1.7,28.1,0
2012-08-31,28.0,80,21.0,16.8,52.5,8.7,8.7,0.6,28.1,0
2012-09-01,25.0,76,17.0,7.2,46.0,1.3,7.5,0.2,28.1,0
2012-09-02,22.0,86,15.0,10.1,30.5,0.7,7.0,0.0,28.1,0
2012-09-03,25.0,78,15.0,3.8,42.6,1.2,7.5,0.1,28.1,0
2012-09-04,29.0,73,17.0,0.1,68.4,1.9,15.7,1.4,28.1,0
2012-09-05,29.0,75,16.0,0.0,80.8,3.4,24.0,2.8,27.8,1
2012-09-06,29.0,74,19.0,0.1,75.8,3.6,32.2,2.1,27.8,0
2012-09-07,31.0,71,17.0,0.3,69.6,3.2,30.1,1.5,27.8,0
2012-09-08,30.0,73,17.0,0.9,62.0,2.6,8.4,1.1,27.8,0
2012-09-09,30.0,77,15.0,1.0,56.1,2.1,8.4,0.7,27.8,0
2012-09-10,33.0,73,12.0,1.8,59.9,2.2,8.9,0.7,27.8,0
2012-09-11,30.0,77,21.0,1.8,58.5,1.9,8.4,1.1,27.8,0
2012-09-12,29.0,88,13.0,0.0,71.0,2.6,16.6,1.2,26.9,0
2012-09-13,25.0,86,21.0,4.6,40.9,1.3,7.5,0.1,26.9,0
2012-09-14,22.0,76,26.0,8.3,47.4,1.1,7.0,0.4,26.9,0
2012-09-15,24.0,82,15.0,0.4,44.9,0.9,7.3,0.2,26.9,0
2012-09-16,30.0,65,14.0,0.0,78.1,3.2,15.7,1.9,26.9,0
2012-09-17,31.0,52,14.0,0.0,87.7,6.4,24.3,6.2,26.9,1
2012-09-18,32.0,49,11.0,0.0,89.4,9.8,33.1,6.8,26.9,1
2012-09-19,29.0,57,14.0,0.0,89.3,12.5,41.3,7.8,26.7,1
2012-09-20,28.0,84,18.0,0.0,83.8,13.5,49.3,4.5,26.7,1
2012-09-21,31.0,55,11.0,0.0,87.8,16.5,57.9,5.4,26.7,1
2012-09-22,31.0,50,19.0,0.6,77.8,10.6,41.4,2.4,26.7,0
2012-09-23,32.0,54,11.0,0.5,73.7,7.9,30.4,1.2,26.7,0
2012-09-24,29.0,65,19.0,0.6,68.3,5.5,15.2,1.5,26.7,0
2012-09-25,26.0,81,21.0,5.8,48.6,3.0,7.7,0.4,26.7,0
2012-09-26,31.0,54,11.0,0.0,82.0,6.0,16.3,2.5,27.0,0
2012-09-27,31.0,66,11.0,0.0,85.7,8.3,24.9,4.0,27.0,1
2012-09-28,32.0,47,14.0,0.7,77.5,7.1,8.8,1.8,27.0,0
2012-09-29,26.0,80,16.0,1.8,47.4,2.9,7.7,0.3,27.0,0
2012-09-30,25.0,78,14.0,1.4,45.0,1.9,7.5,0.2,27.0,0
2012-06-01,32.0,71,12.0,0.7,57.1,2.5,8.2,0.6,27.7,0
2012-06-02,30.0,73,13.0,4.0,55.7,2.7,7.8,0.6,27.7,0
2012-06-03,29.0,80,14.0,2.0,48.7,2.2,7.6,0.3,27.7,0
2012-06-04,30.0,64,14.0,0.0,79.4,5.2,15.4,2.2,27.7,0
2012-06-05,32.0,60,14.0,0.2,77.1,6.0,17.6,1.8,27.7,0
2012-06-06,35.0,54,11.0,0.1,83.7,8.4,26.3,3.1,27.7,1
2012-06-07,35.0,44,17.0,0.2,85.6,9.9,28.9,5.4,27.7,1
2012-06-08,28.0,51,17.0,1.3,71.4,7.7,7.4,1.5,27.7,0
2012-06-09,27.0,59,18.0,0.1,78.1,8.5,14.7,2.4,27.7,0
2012-06-10,30.0,41,15.0,0.0,89.4,13.3,22.5,8.4,27.7,1
2012-06-11,31.0,42,21.0,0.0,90.6,18.2,30.5,13.4,27.7,1
2012-06-12,27.0,58,17.0,0.0,88.9,21.3,37.8,8.7,27.7,1
2012-06-13,30.0,52,15.0,2.0,72.3,11.4,7.8,1.4,28.0,0
2012-06-14,27.0,79,16.0,0.7,53.4,6.4,7.3,0.5,28.0,0
2012-06-15,28.0,90,15.0,0.0,66.8,7.2,14.7,1.2,28.0,0
2012-06-16,29.0,87,15.0,0.4,47.4,4.2,8.0,0.2,28.0,0
2012-06-17,31.0,69,17.0,4.7,62.2,3.9,8.0,1.1,28.0,0
2012-06-18,33.0,62,10.0,8.7,65.5,4.6,8.3,0.9,28.0,0
2012-06-19,32.0,67,14.0,4.5,64.6,4.4,8.2,1.0,28.0,0
2012-06-20,31.0,72,14.0,0.2,60.2,3.8,8.0,0.8,28.2,0
2012-06-21,32.0,55,14.0,0.0,86.2,8.3,18.4,5.0,28.2,1
2012-06-22,33.0,46,14.0,1.1,78.3,8.1,8.3,1.9,28.2,0
2012-06-23,33.0,59,16.0,0.8,74.2,7.0,8.3,1.6,28.2,0
2012-06-24,35.0,68,16.0,0.0,85.3,10.0,17.0,4.9,28.2,1
2012-06-25,34.0,70,16.0,0.0,86.0,12.8,25.6,5.4,28.2,1
2012-06-26,36.0,62,16.0,0.0,87.8,16.5,34.5,7.0,28.2,1
2012-06-27,36.0,55,15.0,0.0,89.1,20.9,43.3,8.0,28.0,1
2012-06-28,37.0,37,13.0,0.0,92.5,27.2,52.4,11.7,28.0,1
2012-06-29,37.0,36,13.0,0.6,86.2,17.9,36.7,4.8,28.0,1
2012-06-30,34.0,42,15.0,1.7,79.7,12.0,8.5,2.2,28.0,0
2012-07-01,28.0,58,18.0,2.2,63.7,3.2,8.5,1.2,28.0,0
2012-07-02,33.0,48,16.0,0.0,87.6,7.9,17.8,6.8,28.0,1
2012-07-03,34.0,56,17.0,0.1,84.7,9.7,27.3,4.7,28.0,1
2012-07-04,34.0,58,18.0,0.0,88.0,13.6,36.8,8.0,27.7,1
2012-07-05,34.0,45,18.0,0.0,90.5,18.7,46.4,11.3,27.7,1
2012-07-06,35.0,42,15.0,0.3,84.7,15.5,45.1,4.3,27.7,1
2012-07-07,38.0,43,13.0,0.5,85.0,13.0,35.4,4.1,27.7,1
2012-07-08,35.0,47,18.0,6.0,80.8,9.8,9.7,3.1,27.7,1
2012-07-09,36.0,43,15.0,1.9,82.3,9.4,9.9,3.2,27.7,1
2012-07-10,34.0,51,16.0,3.8,77.5,8.0,9.5,2.0,27.7,0
2012-07-11,34.0,56,15.0,2.9,74.8,7.1,9.5,1.6,27.2,0
2012-07-12,36.0,44,13.0,0.0,90.1,12.6,19.4,8.3,27.2,1
2012-07-13,39.0,45,13.0,0.6,85.2,11.3,10.4,4.2,27.2,1
2012-07-14,37.0,37,18.0,0.2,88.9,12.9,14.6,9.0,27.2,1
2012-07-15,34.0,45,17.0,0.0,90.5,18.0,24.1,10.9,27.2,1
2012-07-16,31.0,83,17.0,0.0,84.5,19.4,33.1,4.7,27.2,1
2012-07-17,32.0,81,17.0,0.0,84.6,21.1,42.3,4.7,27.2,1
2012-07-18,33.0,68,15.0,0.0,86.1,23.9,51.6,5.2,27.4,1
2012-07-19,34.0,58,16.0,0.0,88.1,27.8,61.1,7.3,27.4,1
2012-07-20,36.0,50,16.0,0.0,89.9,32.7,71.0,9.5,27.4,1
2012-07-21,36.0,29,18.0,0.0,93.9,39.6,80.6,18.5,27.4,1
2012-07-22,32.0,48,18.0,0.0,91.5,44.2,90.1,13.2,27.4,1
2012-07-23,31.0,71,17.0,0.0,87.3,46.6,99.0,6.9,27.4,1
2012-07-24,33.0,63,17.0,1.1,72.8,20.9,56.6,1.6,27.4,0
2012-07-25,39.0,64,9.0,1.2,73.8,11.7,15.9,1.1,27.6,0
2012-07-26,35.0,58,10.0,0.2,78.3,10.8,19.7,1.6,27.6,0
2012-07-27,29.0,87,18.0,0.0,80.0,11.8,28.3,2.8,27.6,0
2012-07-28,33.0,57,16.0,0.0,87.5,15.7,37.6,6.7,27.6,1
2012-07-29,34.0,59,16.0,0.0,88.1,19.5,47.2,7.4,27.6,1
2012-07-30,36.0,56,16.0,0.0,88.9,23.8,57.1,8.2,27.6,1
2012-07-31,37.0,55,15.0,0.0,89.3,28.3,67.2,8.3,27.6,1
2012-08-01,38.0,52,14.0,0.0,78.3,4.4,10.5,2.0,27.6,0
2012-08-02,40.0,34,14.0,0.0,93.3,10.8,21.4,13.8,27.6,1
2012-08-03,39.0,33,17.0,0.0,93.7,17.1,32.1,17.2,27.6,1
2012-08-04,38.0,35,15.0,0.0,93.8,23.0,42.7,15.7,27.6,1
2012-08-05,34.0,42,17.0,0.1,88.3,23.6,52.5,19.0,27.6,1
2012-08-06,30.0,54,14.0,3.1,70.5,11.0,9.1,1.3,27.6,0
2012-08-07,34.0,63,13.0,2.9,69.7,7.2,9.8,1.2,27.6,0
2012-08-08,37.0,56,11.0,0.0,87.4,11.2,20.2,5.2,27.7,1
2012-08-09,39.0,43,12.0,0.0,91.7,16.5,30.9,9.6,27.7,1
2012-08-10,39.0,39,15.0,0.2,89.3,15.8,35.4,8.2,27.7,1
2012-08-11,40.0,31,15.0,0.0,94.2,22.5,46.3,16.6,27.7,1
2012-08-12,39.0,21,17.0,0.4,93.0,18.4,41.5,15.5,27.7,1
2012-08-13,35.0,34,16.0,0.2,88.3,16.9,45.1,7.5,27.7,1
2012-08-14,37.0,40,13.0,0.0,91.9,22.3,55.5,10.8,27.7,1
2012-08-15,35.0,46,13.0,0.3,83.9,16.9,54.2,3.5,27.3,1
2012-08-16,40.0,41,10.0,0.1,92.0,22.6,65.1,9.5,27.3,1
2012-08-17,42.0,24,9.0,0.0,96.0,30.3,76.4,15.7,27.3,1
2012-08-18,37.0,37,14.0,0.0,94.3,35.9,86.8,16.0,27.3,1
2012-08-19,35.0,66,15.0,0.1,82.7,32.7,96.8,3.3,27.3,1
2012-08-20,36.0,81,15.0,0.0,83.7,34.4,107.0,3.8,27.3,1
2012-08-21,36.0,71,15.0,0.0,86.0,36.9,117.1,5.1,27.3,1
2012-08-22,37.0,53,14.0,0.0,89.5,41.1,127.5,8.0,27.3,1
2012-08-23,36.0,43,16.0,0.0,91.2,46.1,137.7,11.5,27.3,1
2012-08-24,35.0,38,15.0,0.0,92.1,51.3,147.7,12.2,27.3,1
2012-08-25,34.0,40,18.0,0.0,92.1,56.3,157.5,14.3,27.3,1
2012-08-26,33.0,37,16.0,0.0,92.2,61.3,167.2,13.1,27.3,1
2012-08-27,36.0,54,14.0,0.0,91.0,65.9,177.3,10.0,27.3,1
2012-08-28,35.0,56,14.0,0.4,79.2,37.0,166.0,2.1,27.3,0
2012-08-29,35.0,53,17.0,0.5,80.2,20.7,149.2,2.7,28.1,1
2012-08-30,34.0,49,15.0,0.0,89.2,24.8,159.1,8.1,28.1,1
2012-08-31,30.0,59,19.0,0.0,89.1,27.8,168.2,9.8,28.1,1
2012-09-01,29.0,86,16.0,0.0,37.9,0.9,8.2,0.1,28.1,0
2012-09-02,28.0,67,19.0,0.0,75.4,2.9,16.3,2.0,28.1,0
2012-09-03,28.0,75,16.0,0.0,82.2,4.4,24.3,3.3,28.1,1
2012-09-04,30.0,66,15.0,0.2,73.5,4.1,26.6,1.5,28.1,0
2012-09-05,30.0,58,12.0,4.1,66.1,4.0,8.4,1.0,27.8,0
2012-09-06,34.0,71,14.0,6.5,64.5,3.3,9.1,1.0,27.8,0
2012-09-07,31.0,62,15.0,0.0,83.3,5.8,17.7,3.8,27.8,1
2012-09-08,30.0,88,14.0,0.0,82.5,6.6,26.1,3.0,27.8,1
2012-09-09,30.0,80,15.0,0.0,83.1,7.9,34.5,3.5,27.8,1
2012-09-10,29.0,74,15.0,1.1,59.5,4.7,8.2,0.8,27.8,0
2012-09-11,30.0,73,14.0,0.0,79.2,6.5,16.6,2.1,27.8,0
2012-09-12,31.0,72,14.0,0.0,84.2,8.3,25.2,3.8,26.9,1
2012-09-13,29.0,49,19.0,0.0,88.6,11.5,33.4,9.1,26.9,1
2012-09-14,28.0,81,15.0,0.0,84.6,12.6,41.5,4.3,26.9,1
2012-09-15,32.0,51,13.0,0.0,88.7,16.0,50.2,6.9,26.9,1
2012-09-16,33.0,26,13.0,0.0,93.9,21.2,59.2,14.2,26.9,1
2012-09-17,34.0,44,12.0,0.0,92.5,25.2,63.3,11.2,26.9,1
2012-09-18,36.0,33,13.0,0.1,90.6,25.8,77.8,9.0,26.9,1
2012-09-19,29.0,41,8.0,0.1,83.9,24.9,86.0,2.7,26.7,1
2012-09-20,34.0,58,13.0,0.2,79.5,18.7,88.0,2.1,26.7,0
2012-09-21,35.0,34,17.0,0.0,92.2,23.6,97.3,13.8,26.7,1
2012-09-22,33.0,64,13.0,0.0,88.9,26.1,106.3,7.1,26.7,1
2012-09-23,35.0,56,14.0,0.0,89.0,29.4,115.6,7.5,26.7,1
2012-09-24,26.0,49,6.0,2.0,61.3,11.9,28.1,0.6,26.7,0
2012-09-25,28.0,70,15.0,0.0,79.9,13.8,36.1,2.4,26.7,0
2012-09-26,30.0,65,14.0,0.0,85.4,16.0,44.5,4.5,27.0,1
2012-09-27,28.0,87,15.0,4.4,41.1,6.5,8.0,0.1,27.0,0
2012-09-28,27.0,87,29.0,0.5,45.9,3.5,7.9,0.4,27.0,0
2012-09-29,24.0,54,18.0,0.1,79.7,4.3,15.2,1.7,27.0,0
2012-09-30,24.0,64,15.0,0.2,67.3,3.8,16.5,1.2,27.0,0
2007-03-01,8.2,51,6.7,0.0,86.2,26.2,94.3,5.1,27.01290322580645,1
2007-10-01,18.0,33,0.9,0.0,90.6,35.4,669.1,6.7,25.432258064516127,1
2007-10-01,14.6,33,1.3,0.0,90.6,43.7,686.9,6.7,25.432258064516127,1
2007-03-01,8.3,97,4.0,0.2,91.7,33.3,77.5,9.0,27.01290322580645,1
2007-03-01,11.4,99,1.8,0.0,89.3,51.3,102.2,9.6,27.01290322580645,1
2007-08-01,22.2,29,5.4,0.0,92.3,85.3,488.0,14.7,26.270967741935483,1
2007-08-01,24.1,27,3.1,0.0,92.3,88.9,495.6,8.5,26.270967741935483,1
2007-08-01,8.0,86,2.2,0.0,91.5,145.4,608.2,10.7,26.270967741935483,1
2007-09-01,13.1,63,5.4,0.0,91.0,129.5,692.6,7.0,25.846666666666668,1
2007-09-01,22.8,40,4.0,0.0,92.5,88.0,698.6,7.1,25.846666666666668,1
2007-09-01,17.8,51,7.2,0.0,92.5,88.0,698.6,7.1,25.846666666666668,1
2007-09-01,19.3,38,4.0,0.0,92.8,73.2,713.0,22.6,25.846666666666668,1
2007-08-01,17.0,72,6.7,0.0,63.5,70.8,665.3,0.8,26.270967741935483,1
2007-09-01,21.3,42,2.2,0.0,90.9,126.5,686.5,7.0,25.846666666666668,1
2007-09-01,26.4,21,4.5,0.0,92.9,133.3,699.6,9.2,25.846666666666668,1
2007-09-01,22.9,44,5.4,0.0,93.3,141.2,713.9,13.9,25.846666666666668,1
2007-03-01,15.1,27,5.4,0.0,91.7,35.8,80.8,7.8,27.01290322580645,1
2007-10-01,16.7,47,4.9,0.0,84.9,32.8,664.2,3.0,25.432258064516127,1
2007-03-01,15.9,35,4.0,0.0,89.2,27.9,70.8,6.3,27.01290322580645,1
2007-04-01,9.3,44,4.5,0.0,86.3,27.4,97.1,5.1,27.63,1
2007-09-01,18.3,40,2.7,0.0,91.0,129.5,692.6,7.0,25.846666666666668,1
2007-09-01,19.1,38,2.7,0.0,91.8,78.5,724.3,9.2,25.846666666666668,1
2007-06-01,21.0,44,4.5,0.0,94.3,96.3,200.0,56.1,27.53666666666667,1
2007-08-01,19.5,43,5.8,0.0,90.2,110.9,537.4,6.2,26.270967741935483,1
2007-08-01,23.7,32,5.8,0.0,93.5,139.4,594.2,20.3,26.270967741935483,1
2007-08-01,16.3,60,5.4,0.0,91.4,142.4,601.4,10.6,26.270967741935483,1
2007-09-01,19.0,34,5.8,0.0,92.4,117.9,668.0,12.2,25.846666666666668,1
2007-09-01,19.4,48,1.3,0.0,90.9,126.5,686.5,7.0,25.846666666666668,1
2007-09-01,30.2,24,2.7,0.0,93.4,145.4,721.4,8.1,25.846666666666668,1
2007-09-01,22.8,39,3.6,0.0,93.5,149.3,728.6,8.1,25.846666666666668,1
2007-09-01,25.4,24,3.6,0.0,94.3,85.1,692.3,15.9,25.846666666666668,1
2007-09-01,11.2,78,7.6,0.0,88.6,91.8,709.9,7.1,25.846666666666668,1
2007-09-01,20.6,37,1.8,0.0,88.6,69.7,706.8,5.8,25.846666666666668,1
2007-09-01,17.7,39,3.6,0.0,91.7,75.6,718.3,7.8,25.846666666666668,1
2007-09-01,21.2,32,2.7,0.0,91.8,78.5,724.3,9.2,25.846666666666668,1
2007-09-01,18.2,62,4.5,0.0,90.3,80.7,730.2,6.3,25.846666666666668,1
2007-10-01,21.7,24,4.5,0.0,90.6,35.4,669.1,6.7,25.432258064516127,1
2007-10-01,11.3,60,5.4,0.0,90.0,41.5,682.6,8.7,25.432258064516127,1
2007-10-01,17.8,27,4.0,0.0,90.6,43.7,686.9,6.7,25.432258064516127,1
2007-03-01,14.1,43,2.7,0.0,88.1,25.7,67.6,3.8,27.01290322580645,1
2007-07-01,23.3,37,3.1,0.0,79.5,60.6,366.7,1.5,26.916129032258063,1
2007-08-01,18.4,42,6.7,0.0,90.2,96.9,624.2,8.9,26.270967741935483,1
2007-08-01,16.6,54,5.4,0.0,94.8,108.3,647.1,17.0,26.270967741935483,1
2007-09-01,19.6,48,2.7,0.0,92.5,88.0,698.6,7.1,25.846666666666668,1
2007-09-01,12.9,74,4.9,0.0,90.1,82.9,735.7,6.2,25.846666666666668,1
2007-09-01,25.9,24,4.0,0.0,94.3,85.1,692.3,15.9,25.846666666666668,1
2007-09-01,14.7,70,3.6,0.0,90.9,126.5,686.5,7.0,25.846666666666668,1
2007-07-01,23.0,36,3.1,0.0,94.2,62.3,442.9,11.0,26.916129032258063,1
2007-03-01,11.8,35,1.8,0.0,87.2,23.9,64.7,4.1,27.01290322580645,1
2007-03-01,11.0,46,5.8,0.0,87.6,52.2,103.8,5.0,27.01290322580645,1
2007-09-01,20.8,17,1.3,0.0,92.9,137.0,706.4,9.2,25.846666666666668,1
2007-08-01,21.5,34,2.2,0.0,90.2,99.6,631.2,6.3,26.270967741935483,1
2007-08-01,20.4,42,4.9,0.0,92.1,111.2,654.1,9.6,26.270967741935483,1
2007-08-01,20.4,42,4.9,0.0,92.1,111.2,654.1,9.6,26.270967741935483,1
2007-08-01,17.6,45,3.6,0.0,91.7,114.3,661.3,6.3,26.270967741935483,1
2007-09-01,27.7,24,2.2,0.0,92.9,137.0,706.4,9.2,25.846666666666668,1
2007-09-01,17.8,63,4.9,0.0,90.3,80.7,730.2,6.3,25.846666666666668,1
2007-10-01,13.8,50,2.7,0.0,92.6,46.5,691.8,8.8,25.432258064516127,1
2007-02-01,13.9,40,5.4,0.0,84.0,9.3,34.0,2.1,26.789285714285715,1
2007-02-01,12.3,51,0.9,0.0,86.6,13.2,43.0,5.3,26.789285714285715,1
2007-03-01,11.5,39,5.8,0.0,89.3,51.3,102.2,9.6,27.01290322580645,1
2007-03-01,5.5,59,6.3,0.0,89.3,51.3,102.2,9.6,27.01290322580645,1
2007-08-01,18.8,35,4.9,0.0,93.0,75.3,466.6,7.7,26.270967741935483,1
2007-08-01,20.8,33,2.7,0.0,90.2,99.6,631.2,6.3,26.270967741935483,1
2007-08-01,23.1,31,3.1,0.0,91.1,103.2,638.8,5.8,26.270967741935483,1
2007-08-01,18.6,44,4.5,0.0,91.7,114.3,661.3,6.3,26.270967741935483,1
2007-09-01,23.0,37,4.5,0.0,92.4,117.9,668.0,12.2,25.846666666666668,1
2007-09-01,19.6,33,5.4,0.0,92.4,117.9,668.0,12.2,25.846666666666668,1
2007-09-01,19.6,33,6.3,0.0,92.4,117.9,668.0,12.2,25.846666666666668,1
2007-03-01,17.2,26,4.5,0.0,91.7,33.3,77.5,9.0,27.01290322580645,1
2007-03-01,15.8,27,7.6,0.0,91.2,48.3,97.8,12.5,27.01290322580645,1
2007-09-01,17.7,37,3.6,0.0,94.3,85.1,692.3,15.9,25.846666666666668,1
2007-03-01,15.6,25,6.3,0.0,91.7,33.3,77.5,9.0,27.01290322580645,1
2007-08-01,17.3,43,4.5,0.0,88.8,147.3,614.5,9.0,26.270967741935483,1
2007-09-01,27.6,30,1.3,0.0,93.3,141.2,713.9,13.9,25.846666666666668,1
2007-02-01,6.7,79,3.1,0.0,84.2,6.8,26.6,7.7,26.789285714285715,1
2007-02-01,15.7,43,3.1,0.0,86.6,13.2,43.0,5.3,26.789285714285715,1
2007-03-01,8.3,72,3.1,0.0,87.6,52.2,103.8,5.0,27.01290322580645,1
2007-08-01,14.7,66,2.7,0.0,90.1,108.0,529.8,12.5,26.270967741935483,1
2007-08-01,21.6,19,6.7,0.0,91.0,121.2,561.6,7.0,26.270967741935483,1
2007-08-01,19.5,39,6.3,0.0,91.4,142.4,601.4,10.6,26.270967741935483,1
2007-08-01,17.9,44,2.2,0.0,90.2,99.6,631.2,6.3,26.270967741935483,1
2007-08-01,18.6,51,4.5,0.0,94.8,108.3,647.1,17.0,26.270967741935483,1
2007-08-01,16.6,47,0.9,0.0,92.1,111.2,654.1,9.6,26.270967741935483,1
2007-08-01,20.2,45,3.6,0.0,91.7,114.3,661.3,6.3,26.270967741935483,1
2007-09-01,21.5,15,0.9,0.0,92.9,137.0,706.4,9.2,25.846666666666668,1
2007-09-01,25.4,27,2.2,0.0,92.9,137.0,706.4,9.2,25.846666666666668,1
2007-09-01,22.4,34,2.2,0.0,92.9,137.0,706.4,9.2,25.846666666666668,1
2007-09-01,25.3,36,3.6,0.0,93.5,149.3,728.6,8.1,25.846666666666668,1
2007-03-01,17.4,25,4.9,0.0,91.7,35.8,80.8,7.8,27.01290322580645,1
2007-08-01,14.7,59,5.8,0.0,90.2,96.9,624.2,8.9,26.270967741935483,1
2007-03-01,17.4,24,5.4,0.0,91.7,35.8,80.8,7.8,27.01290322580645,1
2007-08-01,20.8,32,6.3,0.0,92.3,85.3,488.0,14.7,26.270967741935483,1
2007-08-01,18.2,43,4.9,0.0,91.4,142.4,601.4,10.6,26.270967741935483,1
2007-08-01,23.4,22,2.7,0.0,91.1,103.2,638.8,5.8,26.270967741935483,1
2007-09-01,17.8,64,1.3,0.0,89.7,90.0,704.4,4.8,25.846666666666668,1
2007-02-01,12.7,48,1.8,0.0,83.9,8.0,30.2,2.6,26.789285714285715,1
2007-03-01,17.4,24,5.4,0.0,69.0,2.4,15.5,0.7,27.01290322580645,1
2007-08-01,11.6,87,4.5,0.0,91.4,142.4,601.4,10.6,26.270967741935483,1
2007-08-01,19.8,39,5.4,0.0,91.4,142.4,601.4,10.6,26.270967741935483,1
2007-08-01,19.8,39,5.4,0.0,91.4,142.4,601.4,10.6,26.270967741935483,1
2007-08-01,14.4,66,5.4,0.0,88.8,147.3,614.5,9.0,26.270967741935483,1
2007-08-01,20.1,40,4.0,0.0,94.8,108.3,647.1,17.0,26.270967741935483,1
2007-09-01,24.1,29,4.5,0.0,92.5,121.1,674.4,8.6,25.846666666666668,1
2007-01-01,5.3,78,3.1,0.0,82.1,3.7,9.3,2.9,27.338709677419356,1
2007-03-01,12.7,52,6.3,0.0,85.9,19.5,57.3,2.8,27.01290322580645,1
2007-03-01,18.2,29,3.1,0.0,91.4,30.7,74.3,7.5,27.01290322580645,1
2007-08-01,21.4,33,3.1,0.0,90.2,99.6,631.2,6.3,26.270967741935483,1
2007-09-01,20.3,45,3.1,0.0,92.5,88.0,698.6,7.1,25.846666666666668,1
2007-09-01,17.4,56,5.4,0.0,88.6,91.8,709.9,7.1,25.846666666666668,1
2007-03-01,13.7,43,5.8,0.0,85.9,19.5,57.3,2.8,27.01290322580645,1
2007-03-01,18.8,18,4.5,0.0,91.7,33.3,77.5,9.0,27.01290322580645,1
2007-09-01,22.8,39,3.6,0.0,89.7,90.0,704.4,4.8,25.846666666666668,1
2007-09-01,18.9,35,2.7,0.0,91.8,78.5,724.3,9.2,25.846666666666668,1
2007-03-01,15.8,27,7.6,0.0,88.1,25.7,67.6,3.8,27.01290322580645,1
2007-03-01,15.5,27,6.3,0.0,88.1,25.7,67.6,3.8,27.01290322580645,1
2007-03-01,11.6,30,6.3,0.0,91.7,35.8,80.8,7.8,27.01290322580645,1
2007-03-01,15.2,27,4.9,0.0,91.7,35.8,80.8,7.8,27.01290322580645,1
2007-03-01,10.6,30,4.0,0.0,90.1,39.7,86.6,6.2,27.01290322580645,1
2007-08-01,19.6,36,3.1,0.0,93.0,75.3,466.6,7.7,26.270967741935483,1
2007-08-01,10.3,74,2.2,0.0,91.5,145.4,608.2,10.7,26.270967741935483,1
2007-08-01,17.1,43,5.4,0.0,91.5,145.4,608.2,10.7,26.270967741935483,1
2007-09-01,22.5,42,5.4,0.0,92.4,124.1,680.7,8.5,25.846666666666668,1
2007-09-01,17.9,45,3.1,0.0,84.4,73.4,671.9,3.2,25.846666666666668,1
2007-09-01,19.8,50,5.4,0.0,94.3,85.1,692.3,15.9,25.846666666666668,1
2007-10-01,20.6,24,5.4,0.0,92.6,46.5,691.8,8.8,25.432258064516127,1
2007-03-01,9.0,49,2.2,0.0,87.6,52.2,103.8,5.0,27.01290322580645,1
2007-09-01,17.2,43,3.1,0.0,93.5,149.3,728.6,8.1,25.846666666666668,1
2007-10-01,15.9,46,3.6,0.0,91.4,37.9,673.8,5.2,25.432258064516127,1
2007-10-01,15.4,35,0.9,0.0,92.6,46.5,691.8,8.8,25.432258064516127,1
2007-02-01,15.4,40,2.7,0.0,68.2,21.5,87.2,0.8,26.789285714285715,1
2007-03-01,14.0,39,3.1,0.0,87.2,23.9,64.7,4.1,27.01290322580645,1
2007-03-01,10.6,46,4.9,0.0,89.3,51.3,102.2,9.6,27.01290322580645,1
2007-09-01,17.6,42,3.1,0.0,93.7,80.9,685.2,17.9,25.846666666666668,1
2007-03-01,14.9,38,2.7,0.0,88.1,25.7,67.6,3.8,27.01290322580645,1
2007-08-01,17.6,52,5.8,0.0,93.5,139.4,594.2,20.3,26.270967741935483,1
2007-09-01,17.2,58,1.3,0.0,92.4,124.1,680.7,8.5,25.846666666666668,1
2007-09-01,15.6,66,3.1,0.0,90.9,126.5,686.5,7.0,25.846666666666668,1
2007-07-01,18.0,42,2.7,0.0,85.8,48.3,313.4,3.9,26.916129032258063,1
2007-09-01,21.7,38,2.2,0.0,91.0,129.5,692.6,7.0,25.846666666666668,1
2007-09-01,21.9,39,1.8,0.0,90.9,126.5,686.5,7.0,25.846666666666668,1
2007-08-01,23.3,31,4.5,0.0,95.5,99.9,513.3,13.2,26.270967741935483,1
2007-08-01,21.2,51,8.9,0.0,90.1,108.0,529.8,12.5,26.270967741935483,1
2007-07-01,16.6,53,5.4,0.0,90.0,51.3,296.3,8.7,26.916129032258063,1
2007-08-01,23.8,32,5.4,0.0,95.5,99.9,513.3,13.2,26.270967741935483,1
2007-08-01,27.4,22,4.0,0.0,95.2,131.7,578.8,10.4,26.270967741935483,1
2007-03-01,13.2,40,5.4,0.0,90.1,39.7,86.6,6.2,27.01290322580645,1
2007-09-01,24.2,28,3.6,0.0,84.4,73.4,671.9,3.2,25.846666666666668,1
2007-08-01,17.4,43,6.7,0.0,94.8,108.3,647.1,17.0,26.270967741935483,1
2007-09-01,23.7,25,4.5,0.0,93.7,80.9,685.2,17.9,25.846666666666668,1
2007-06-01,23.2,39,5.4,0.0,92.5,56.4,433.3,7.1,27.53666666666667,1
2007-07-01,24.8,29,2.2,0.0,90.1,68.6,355.2,7.2,26.916129032258063,1
2007-07-01,24.6,43,1.8,0.0,90.1,51.2,424.1,6.2,26.916129032258063,1
2007-09-01,20.1,47,4.9,0.0,94.3,85.1,692.3,15.9,25.846666666666668,1
2007-09-01,29.6,27,2.7,0.0,93.4,145.4,721.4,8.1,25.846666666666668,1
2007-08-01,16.4,47,1.3,0.0,94.8,108.3,647.1,17.0,26.270967741935483,1
2007-09-01,28.6,27,2.2,0.0,93.4,145.4,721.4,8.1,25.846666666666668,1
2007-08-01,18.4,45,3.6,0.0,92.1,111.2,654.1,9.6,26.270967741935483,1
2007-08-01,20.5,35,4.0,0.0,92.1,111.2,654.1,9.6,26.270967741935483,1
2007-09-01,19.0,34,5.8,0.0,92.4,117.9,668.0,12.2,25.846666666666668,1
2007-03-01,16.1,29,3.1,0.0,90.1,39.7,86.6,6.2,27.01290322580645,1
2007-08-01,20.3,41,4.0,0.0,95.2,131.7,578.8,10.4,26.270967741935483,1
2007-03-01,15.2,31,8.5,0.0,90.6,50.1,100.4,7.8,27.01290322580645,1
2007-09-01,17.8,56,1.8,0.0,92.5,121.1,674.4,8.6,25.846666666666668,1
2007-09-01,17.8,67,2.2,0.0,89.7,90.0,704.4,4.8,25.846666666666668,1
2007-03-01,5.3,70,4.5,0.0,84.9,18.2,55.0,3.0,27.01290322580645,1
2007-08-01,16.6,47,0.9,0.0,92.1,111.2,654.1,9.6,26.270967741935483,1
2007-08-01,23.4,33,4.5,0.0,96.0,127.1,570.5,16.5,26.270967741935483,1
2007-03-01,14.6,26,9.4,0.0,91.2,48.3,97.8,12.5,27.01290322580645,1
2007-08-01,20.7,45,2.2,0.0,95.2,131.7,578.8,10.4,26.270967741935483,1
2007-09-01,21.9,35,1.8,0.0,92.9,133.3,699.6,9.2,25.846666666666668,1
2007-08-01,17.4,50,4.0,0.0,85.6,90.4,609.6,6.6,26.270967741935483,1
2007-08-01,20.1,39,5.4,0.0,91.4,142.4,601.4,10.6,26.270967741935483,1
2007-09-01,17.7,39,2.2,0.0,90.9,126.5,686.5,7.0,25.846666666666668,1
2007-08-01,14.2,53,1.8,0.0,90.2,96.9,624.2,8.9,26.270967741935483,1
2007-08-01,20.3,39,4.9,0.0,90.2,96.9,624.2,8.9,26.270967741935483,1
2007-04-01,5.8,54,5.8,0.0,81.5,9.1,55.2,2.7,27.63,1
2007-08-01,19.2,44,2.7,0.0,90.2,99.6,631.2,6.3,26.270967741935483,1
2007-09-01,18.3,45,2.2,0.0,90.1,82.9,735.7,6.2,25.846666666666668,1
2007-08-01,14.4,66,5.4,0.0,88.8,147.3,614.5,9.0,26.270967741935483,1
2007-09-01,23.9,32,6.7,0.0,92.4,124.1,680.7,8.5,25.846666666666668,1
2007-10-01,19.1,32,4.0,0.0,84.9,32.8,664.2,3.0,25.432258064516127,1
2007-02-01,12.4,53,2.2,0.0,86.8,15.6,48.3,3.9,26.789285714285715,1
2007-10-01,16.8,45,4.5,0.0,91.7,48.5,696.1,11.1,25.432258064516127,1
2007-08-01,20.8,34,4.9,0.0,93.9,135.7,586.7,15.1,26.270967741935483,1
2007-09-01,17.6,46,3.1,0.0,91.0,129.5,692.6,7.0,25.846666666666668,1
2007-03-01,11.5,39,5.8,0.0,89.3,51.3,102.2,9.6,27.01290322580645,1
2007-09-01,21.0,42,2.2,0.0,90.9,126.5,686.5,7.0,25.846666666666668,1
2007-03-01,13.3,42,0.9,0.0,90.8,41.9,89.4,7.9,27.01290322580645,1
2007-03-01,11.5,60,4.0,0.0,90.7,44.0,92.4,5.5,27.01290322580645,1
2007-03-01,11.7,33,4.0,0.0,91.2,48.3,97.8,12.5,27.01290322580645,1
2007-08-01,24.2,28,2.7,0.0,95.2,131.7,578.8,10.4,26.270967741935483,1
2007-08-01,24.6,22,4.5,0.0,94.8,108.3,647.1,17.0,26.270967741935483,1
2007-09-01,24.3,25,4.0,0.0,92.9,133.3,699.6,9.2,25.846666666666668,1
2007-08-01,24.6,22,4.5,0.0,94.8,108.3,647.1,17.0,26.270967741935483,1
2007-08-01,23.5,36,5.4,0.0,93.9,135.7,586.7,15.1,26.270967741935483,1
2007-04-01,5.8,54,5.8,0.0,81.5,9.1,55.2,2.7,27.63,1
2007-09-01,21.5,15,0.9,0.0,92.9,137.0,706.4,9.2,25.846666666666668,1
2007-09-01,13.9,59,6.3,0.0,91.0,129.5,692.6,7.0,25.846666666666668,1
2007-09-01,22.6,38,3.6,0.0,63.5,70.8,665.3,0.8,25.846666666666668,1
2007-09-01,21.6,33,2.2,0.0,91.0,129.5,692.6,7.0,25.846666666666668,1
2007-03-01,12.4,54,3.6,0.0,90.1,37.6,83.7,7.2,27.01290322580645,1
2007-02-01,8.8,68,2.2,0.0,83.9,8.7,32.1,2.1,26.789285714285715,1
2007-10-01,20.2,37,2.7,0.0,91.4,37.9,673.8,5.2,25.432258064516127,1
2007-03-01,15.1,64,4.0,0.0,90.6,50.1,100.4,7.8,27.01290322580645,1
2007-09-01,22.1,34,1.8,0.0,92.9,137.0,706.4,9.2,25.846666666666668,1
2007-08-01,22.9,31,7.2,0.0,93.5,139.4,594.2,20.3,26.270967741935483,1
2007-09-01,20.7,37,2.2,0.0,91.0,129.5,692.6,7.0,25.846666666666668,1
2007-09-01,19.6,33,6.3,0.0,92.4,117.9,668.0,12.2,25.846666666666668,1
2007-09-01,23.2,26,4.9,0.0,93.7,80.9,685.2,17.9,25.846666666666668,1
2007-10-01,18.4,25,3.1,0.0,90.6,43.7,686.9,6.7,25.432258064516127,1
2007-08-01,5.1,96,5.8,0.0,93.5,139.4,594.2,20.3,26.270967741935483,1
2007-09-01,20.1,47,4.9,0.0,94.3,85.1,692.3,15.9,25.846666666666668,1
2007-03-01,11.0,46,5.8,0.0,87.6,52.2,103.8,5.0,27.01290322580645,1
2007-03-01,17.0,27,4.9,0.0,91.7,35.8,80.8,7.8,27.01290322580645,1
2007-03-01,17.0,27,4.9,0.0,91.7,35.8,80.8,7.8,27.01290322580645,1
2007-09-01,16.9,60,1.3,0.0,92.4,124.1,680.7,8.5,25.846666666666668,1
2007-09-01,12.4,73,6.3,0.0,88.6,91.8,709.9,7.1,25.846666666666668,1
2007-09-01,19.4,19,1.3,0.0,92.9,133.3,699.6,9.2,25.846666666666668,1
2007-03-01,15.2,27,3.1,0.0,90.1,39.7,86.6,6.2,27.01290322580645,1
2007-08-01,16.2,59,3.1,0.0,90.2,99.6,631.2,6.3,26.270967741935483,1
2007-09-01,18.6,49,3.6,0.0,93.3,141.2,713.9,13.9,25.846666666666668,1
2007-03-01,11.0,46,5.8,0.0,87.6,52.2,103.8,5.0,27.01290322580645,1
2007-07-01,13.4,79,3.6,0.0,88.3,150.3,309.9,6.8,26.916129032258063,1
2007-09-01,15.4,57,4.5,0.0,90.1,82.9,735.7,6.2,25.846666666666668,1
2007-09-01,22.9,39,4.9,0.0,93.5,149.3,728.6,8.1,25.846666666666668,1
2007-10-01,16.1,44,4.0,0.0,91.7,48.5,696.1,11.1,25.432258064516127,1
2007-08-01,20.1,34,4.5,0.0,92.2,81.8,480.8,11.9,26.270967741935483,1
2007-09-01,28.3,26,3.1,0.0,93.5,149.3,728.6,8.1,25.846666666666668,1
2007-08-01,16.4,43,4.0,0.0,92.2,81.8,480.8,11.9,26.270967741935483,1
2007-09-01,26.4,21,4.5,0.0,92.9,133.3,699.6,9.2,25.846666666666668,1
2007-09-01,27.8,27,3.1,0.0,93.5,149.3,728.6,8.1,25.846666666666668,1
2007-09-01,18.7,43,2.7,0.0,91.0,129.5,692.6,7.0,25.846666666666668,1
2007-09-01,24.3,36,3.1,0.0,84.4,73.4,671.9,3.2,25.846666666666668,1
2007-09-01,17.7,25,3.1,0.0,92.5,121.1,674.4,8.6,25.846666666666668,1
2007-08-01,19.6,41,5.8,0.0,91.4,142.4,601.4,10.6,26.270967741935483,1
2007-09-01,18.2,46,1.8,0.0,92.5,121.1,674.4,8.6,25.846666666666668,1
2007-09-01,18.8,40,2.2,0.0,91.0,129.5,692.6,7.0,25.846666666666668,1
2007-09-01,25.1,27,4.0,0.0,92.5,121.1,674.4,8.6,25.846666666666668,1
2007-04-01,13.4,75,1.8,0.0,81.9,3.0,7.9,3.5,27.63,1
2007-04-01,15.2,51,2.7,0.0,88.0,17.2,43.5,3.8,27.63,1
2007-04-01,16.7,20,3.1,0.0,83.0,23.3,85.3,2.3,27.63,1
2007-08-01,15.4,66,4.0,0.0,94.2,122.3,589.9,12.9,26.270967741935483,1
2007-08-01,21.9,73,7.6,1.0,91.8,175.1,700.7,13.8,26.270967741935483,1
2007-08-01,22.4,54,7.6,0.0,91.8,175.1,700.7,13.8,26.270967741935483,1
2007-08-01,26.8,38,6.3,0.0,91.8,175.1,700.7,13.8,26.270967741935483,1
2007-08-01,25.7,39,5.4,0.0,91.8,175.1,700.7,13.8,26.270967741935483,1
2007-08-01,20.7,70,2.2,0.0,92.2,91.6,503.6,9.6,26.270967741935483,1
2007-08-01,28.7,28,2.7,0.0,93.1,157.3,666.7,13.5,26.270967741935483,1
2007-08-01,21.7,40,0.4,0.0,93.1,157.3,666.7,13.5,26.270967741935483,1
2007-08-01,26.8,25,3.1,0.0,93.1,157.3,666.7,13.5,26.270967741935483,1
2007-08-01,24.0,36,3.1,0.0,93.1,157.3,666.7,13.5,26.270967741935483,1
2007-08-01,22.1,37,3.6,0.0,93.1,157.3,666.7,13.5,26.270967741935483,1
2007-08-01,21.4,38,2.7,0.0,91.9,109.2,565.5,8.0,26.270967741935483,1
2007-08-01,18.9,41,3.1,0.0,91.6,138.1,621.7,6.3,26.270967741935483,1
2007-08-01,22.3,46,4.0,0.0,87.5,77.0,694.8,5.0,26.270967741935483,1
2007-08-01,23.9,41,2.2,0.0,94.2,117.2,581.1,11.0,26.270967741935483,1
2007-08-01,21.4,44,2.7,0.0,94.2,117.2,581.1,11.0,26.270967741935483,1
2007-08-01,20.6,59,0.9,0.0,91.8,170.9,692.3,13.7,26.270967741935483,1
2007-08-01,23.7,40,1.8,0.0,91.8,170.9,692.3,13.7,26.270967741935483,1
2007-08-01,28.3,32,4.0,0.0,93.6,97.9,542.0,14.4,26.270967741935483,1
2007-08-01,11.2,84,7.6,0.0,91.6,112.4,573.0,8.9,26.270967741935483,1
2007-08-01,21.4,42,3.1,0.0,91.6,112.4,573.0,8.9,26.270967741935483,1
2007-08-01,19.3,39,3.6,0.0,91.1,141.1,629.1,7.1,26.270967741935483,1
2007-08-01,21.8,53,3.1,0.0,94.3,167.6,684.4,13.0,26.270967741935483,1
2007-08-01,22.1,54,7.6,0.0,93.7,102.2,550.3,14.6,26.270967741935483,1
2007-08-01,19.4,55,4.0,0.0,94.3,131.7,607.1,22.7,26.270967741935483,1
2007-08-01,23.7,24,3.1,0.0,92.1,152.6,658.2,14.3,26.270967741935483,1
2007-08-01,21.0,32,3.1,0.0,92.1,152.6,658.2,14.3,26.270967741935483,1
2007-08-01,19.1,53,2.7,0.0,92.1,152.6,658.2,14.3,26.270967741935483,1
2007-08-01,21.8,56,3.1,0.0,92.1,152.6,658.2,14.3,26.270967741935483,1
2007-08-01,20.1,58,4.5,0.0,92.1,152.6,658.2,14.3,26.270967741935483,1
2007-08-01,20.2,47,4.0,0.0,92.1,152.6,658.2,14.3,26.270967741935483,1
2007-12-01,4.8,57,8.5,0.0,84.4,27.2,353.5,6.8,25.396774193548385,1
2007-12-01,5.1,61,8.0,0.0,84.0,27.8,354.6,5.3,25.396774193548385,1
2007-12-01,5.1,61,4.9,0.0,84.6,26.4,352.0,2.0,25.396774193548385,1
2007-12-01,4.6,21,8.5,0.0,85.4,25.4,349.7,2.6,25.396774193548385,1
2007-12-01,4.6,21,8.5,0.0,85.4,25.4,349.7,2.6,25.396774193548385,1
2007-12-01,4.6,21,8.5,0.0,85.4,25.4,349.7,2.6,25.396774193548385,1
2007-12-01,4.6,21,8.5,0.0,85.4,25.4,349.7,2.6,25.396774193548385,1
2007-12-01,2.2,59,4.9,0.0,84.7,26.7,352.6,4.1,25.396774193548385,1
2007-12-01,5.1,24,8.5,0.0,85.4,25.4,349.7,2.6,25.396774193548385,1
2007-02-01,4.2,51,4.0,0.0,84.9,27.5,353.5,3.4,26.789285714285715,1
2007-02-01,8.8,35,3.1,0.0,86.9,6.6,18.7,3.2,26.789285714285715,1
2007-02-01,7.5,46,8.0,0.0,85.2,4.9,15.8,6.3,26.789285714285715,1
2007-07-01,23.4,40,6.3,0.0,93.9,169.7,411.8,12.3,26.916129032258063,1
2007-07-01,12.6,90,7.6,0.2,91.2,183.1,437.7,12.5,26.916129032258063,1
2007-07-01,22.1,49,2.7,0.0,91.6,104.2,474.9,9.0,26.916129032258063,1
2007-07-01,24.2,32,1.8,0.0,91.6,104.2,474.9,9.0,26.916129032258063,1
2007-07-01,24.3,30,1.8,0.0,91.6,104.2,474.9,9.0,26.916129032258063,1
2007-07-01,18.7,53,1.8,0.0,91.6,104.2,474.9,9.0,26.916129032258063,1
2007-07-01,25.3,39,0.9,0.0,91.6,104.2,474.9,9.0,26.916129032258063,1
2007-07-01,22.9,40,1.3,0.0,91.6,100.2,466.3,6.3,26.916129032258063,1
2007-07-01,26.9,28,5.4,0.0,93.1,180.4,430.8,11.0,26.916129032258063,1
2007-07-01,17.1,67,3.6,0.0,92.3,88.8,440.9,8.5,26.916129032258063,1
2007-06-01,22.2,48,1.3,0.0,93.1,180.4,430.8,11.0,27.53666666666667,1
2007-06-01,14.3,46,1.8,0.0,90.4,89.5,290.8,6.4,27.53666666666667,1
2007-06-01,15.4,45,2.2,0.0,90.4,89.5,290.8,6.4,27.53666666666667,1
2007-06-01,19.6,43,4.9,0.0,91.2,147.8,377.2,12.7,27.53666666666667,1
2007-06-01,10.6,90,2.7,0.0,53.4,71.0,233.8,0.4,27.53666666666667,1
2007-06-01,20.7,25,4.9,0.0,90.4,93.3,298.1,7.5,27.53666666666667,1
2007-06-01,19.1,39,5.4,0.0,90.4,93.3,298.1,7.5,27.53666666666667,1
2007-06-01,19.2,38,4.5,0.0,91.1,94.1,232.1,7.1,27.53666666666667,1
2007-06-01,19.2,38,4.5,0.0,91.1,94.1,232.1,7.1,27.53666666666667,1
2007-05-01,11.3,94,4.9,0.0,85.1,28.0,113.8,3.5,27.374193548387098,1
2007-09-01,19.0,52,2.2,0.0,89.6,84.1,714.3,5.7,25.846666666666668,1
2007-09-01,17.1,53,5.4,0.0,89.6,84.1,714.3,5.7,25.846666666666668,1
2007-09-01,23.8,35,3.6,0.0,89.6,84.1,714.3,5.7,25.846666666666668,1
2007-09-01,16.0,45,1.8,0.0,92.4,105.8,758.1,9.9,25.846666666666668,1
2007-09-01,24.9,27,2.2,0.0,92.4,105.8,758.1,9.9,25.846666666666668,1
2007-09-01,25.3,27,2.7,0.0,92.4,105.8,758.1,9.9,25.846666666666668,1
2007-09-01,24.8,28,1.8,0.0,92.4,105.8,758.1,9.9,25.846666666666668,1
2007-09-01,12.2,78,6.3,0.0,50.4,46.2,706.6,0.4,25.846666666666668,1
2007-09-01,24.3,27,4.9,0.0,92.6,115.4,777.1,8.8,25.846666666666668,1
2007-09-01,19.7,41,1.8,0.0,92.6,115.4,777.1,8.8,25.846666666666668,1
2007-09-01,18.5,30,2.7,0.0,91.2,134.7,817.5,7.2,25.846666666666668,1
2007-09-01,18.6,24,5.8,0.0,92.4,96.2,739.4,8.6,25.846666666666668,1
2007-09-01,19.2,24,4.9,0.0,92.4,96.2,739.4,8.6,25.846666666666668,1
2007-09-01,21.6,27,2.2,0.0,92.8,119.0,783.5,7.5,25.846666666666668,1
2007-09-01,21.6,28,6.3,0.0,92.8,119.0,783.5,7.5,25.846666666666668,1
2007-09-01,18.9,34,7.2,0.0,92.8,119.0,783.5,7.5,25.846666666666668,1
2007-09-01,16.8,28,4.0,0.0,92.8,119.0,783.5,7.5,25.846666666666668,1
2007-09-01,16.8,28,4.0,0.0,92.8,119.0,783.5,7.5,25.846666666666668,1
2007-09-01,12.9,39,2.7,0.0,90.7,136.9,822.8,6.8,25.846666666666668,1
2007-09-01,13.7,56,1.8,0.0,88.1,53.3,726.9,5.4,25.846666666666668,1
2007-09-01,24.2,27,3.1,0.0,92.2,102.3,751.5,8.4,25.846666666666668,1
2007-09-01,24.1,27,3.1,0.0,92.2,102.3,751.5,8.4,25.846666666666668,1
2007-09-01,21.2,32,2.2,0.0,92.2,102.3,751.5,8.4,25.846666666666668,1
2007-09-01,19.7,35,1.8,0.0,92.2,102.3,751.5,8.4,25.846666666666668,1
2007-09-01,23.5,27,4.0,0.0,92.2,102.3,751.5,8.4,25.846666666666668,1
2007-09-01,24.2,27,3.1,0.0,92.2,102.3,751.5,8.4,25.846666666666668,1
2007-09-01,21.5,28,4.5,0.0,91.2,124.4,795.3,8.5,25.846666666666668,1
2007-09-01,17.1,41,2.2,0.0,91.2,124.4,795.3,8.5,25.846666666666668,1
2007-09-01,18.1,54,3.1,0.0,92.1,87.7,721.1,9.5,25.846666666666668,1
2007-09-01,18.0,51,5.4,0.0,91.6,108.4,764.0,6.2,25.846666666666668,1
2007-09-01,9.8,86,1.8,0.0,91.6,108.4,764.0,6.2,25.846666666666668,1
2007-09-01,19.3,44,2.2,0.0,91.6,108.4,764.0,6.2,25.846666666666668,1
2007-09-01,23.0,34,2.2,0.0,91.6,108.4,764.0,6.2,25.846666666666668,1
2007-09-01,22.7,35,2.2,0.0,91.6,108.4,764.0,6.2,25.846666666666668,1
2007-09-01,20.4,41,1.8,0.0,91.6,108.4,764.0,6.2,25.846666666666668,1
2007-09-01,19.3,44,2.2,0.0,91.6,108.4,764.0,6.2,25.846666666666668,1
2007-09-01,15.7,51,2.2,0.0,91.9,111.7,770.3,6.5,25.846666666666668,1
2007-09-01,20.6,37,1.8,0.0,91.5,130.1,807.1,7.5,25.846666666666668,1
2007-09-01,15.9,51,4.5,0.0,91.5,130.1,807.1,7.5,25.846666666666668,1
2007-09-01,12.2,66,4.9,0.0,91.5,130.1,807.1,7.5,25.846666666666668,1
2007-09-01,16.8,43,3.1,0.0,91.5,130.1,807.1,7.5,25.846666666666668,1
2007-09-01,21.3,35,2.2,0.0,91.5,130.1,807.1,7.5,25.846666666666668,1
2007-09-01,10.1,75,3.6,0.0,92.1,99.0,745.3,9.6,25.846666666666668,1
2007-09-01,17.4,57,4.5,0.0,92.1,99.0,745.3,9.6,25.846666666666668,1
2007-09-01,12.8,64,3.6,0.0,92.1,99.0,745.3,9.6,25.846666666666668,1
2007-09-01,10.1,75,3.6,0.0,92.1,99.0,745.3,9.6,25.846666666666668,1
2007-09-01,15.4,53,6.3,0.0,92.1,99.0,745.3,9.6,25.846666666666668,1
2007-09-01,20.6,43,3.6,0.0,92.1,99.0,745.3,9.6,25.846666666666668,1
2007-09-01,19.8,47,2.7,0.0,92.1,99.0,745.3,9.6,25.846666666666668,1
2007-09-01,18.7,50,2.2,0.0,92.1,99.0,745.3,9.6,25.846666666666668,1
2007-09-01,20.8,35,4.9,0.0,92.1,99.0,745.3,9.6,25.846666666666668,1
2007-09-01,20.8,35,4.9,0.0,92.1,99.0,745.3,9.6,25.846666666666668,1
2007-09-01,15.9,55,3.6,0.0,92.5,122.0,789.7,10.2,25.846666666666668,1
2007-09-01,19.7,39,2.7,0.0,92.5,122.0,789.7,10.2,25.846666666666668,1
2007-09-01,21.1,39,2.2,0.0,92.5,122.0,789.7,10.2,25.846666666666668,1
2007-09-01,18.4,42,2.2,0.0,92.5,122.0,789.7,10.2,25.846666666666668,1
2007-09-01,17.3,45,4.0,0.0,92.5,122.0,789.7,10.2,25.846666666666668,1
2007-09-01,15.2,64,3.1,0.0,88.2,55.2,732.3,11.6,25.846666666666668,1
2007-09-01,15.9,53,2.2,0.0,91.9,111.7,770.3,6.5,25.846666666666668,1
2007-09-01,21.1,35,2.7,0.0,91.9,111.7,770.3,6.5,25.846666666666668,1
2007-09-01,19.6,45,3.1,0.0,91.9,111.7,770.3,6.5,25.846666666666668,1
2007-09-01,15.9,38,5.4,0.0,91.1,132.3,812.1,12.5,25.846666666666668,1
2007-09-01,16.4,27,3.6,0.0,91.1,132.3,812.1,12.5,25.846666666666668,1
2007-09-01,16.8,47,4.9,0.0,91.2,94.3,744.4,8.4,25.846666666666668,1
2007-09-01,13.8,77,7.6,0.0,91.0,276.3,825.1,7.1,25.846666666666668,1
2007-09-01,13.8,77,7.6,0.0,91.0,276.3,825.1,7.1,25.846666666666668,1
2007-07-01,14.2,58,4.0,0.0,91.9,133.6,520.5,8.0,26.916129032258063,1
2007-08-01,10.4,75,0.9,0.0,92.0,203.2,664.5,8.1,26.270967741935483,1
2007-08-01,20.3,42,2.7,0.0,94.8,222.4,698.6,13.9,26.270967741935483,1
2007-09-01,10.3,78,4.0,0.0,90.3,290.0,855.3,7.4,25.846666666666668,1
2007-09-01,15.4,57,4.9,0.0,91.2,94.3,744.4,8.4,25.846666666666668,1
2007-08-01,21.1,54,2.2,0.0,92.1,207.0,672.6,8.2,26.270967741935483,1
2007-08-01,21.9,42,2.2,0.0,93.7,231.1,715.1,8.4,26.270967741935483,1
2007-03-01,8.7,51,5.8,0.0,90.9,18.9,30.6,8.0,27.01290322580645,1
2007-01-01,5.2,100,0.9,0.0,18.7,1.1,171.4,0.0,27.338709677419356,1
2007-07-01,19.3,39,7.2,0.0,93.7,101.3,458.8,11.9,26.916129032258063,1
2007-08-01,16.2,63,2.7,0.0,90.7,194.1,643.0,6.8,26.270967741935483,1
2007-08-01,28.2,29,1.8,0.0,95.2,217.7,690.0,18.0,26.270967741935483,1
2007-08-01,20.5,58,2.7,0.0,91.6,248.4,753.8,6.3,26.270967741935483,1
2007-08-01,21.3,44,4.5,0.0,91.6,273.8,819.1,7.7,26.270967741935483,1
2007-08-01,20.9,50,2.2,0.0,91.6,181.3,613.0,7.6,26.270967741935483,1
2007-09-01,20.6,55,5.4,0.0,90.5,96.7,750.5,11.4,25.846666666666668,1
2007-03-01,11.6,48,5.4,0.0,90.9,18.9,30.6,8.0,27.01290322580645,1
2007-08-01,23.3,34,3.1,0.0,94.8,227.0,706.7,12.0,26.270967741935483,1
2007-08-01,23.3,34,3.1,0.0,94.8,227.0,706.7,12.0,26.270967741935483,1
2007-02-01,7.5,71,6.3,0.0,84.7,9.5,58.3,4.1,26.789285714285715,1
2007-09-01,20.7,46,2.7,0.0,91.1,91.3,738.1,7.2,25.846666666666668,1
2007-09-01,21.9,43,4.0,0.0,91.0,276.3,825.1,7.1,25.846666666666668,1
2007-03-01,15.2,19,7.6,0.0,93.4,15.0,25.6,11.4,27.01290322580645,1
2007-02-01,5.3,68,1.8,0.0,84.1,4.6,46.7,2.2,26.789285714285715,1
2007-02-01,10.1,62,1.8,0.0,85.0,9.0,56.9,3.5,26.789285714285715,1
2007-09-01,20.4,55,4.9,0.0,90.5,96.7,750.5,11.4,25.846666666666668,1
2007-08-01,24.3,33,3.6,0.0,91.6,181.3,613.0,7.6,26.270967741935483,1
2007-08-01,25.9,32,3.1,0.0,93.7,231.1,715.1,8.4,26.270967741935483,1
2007-06-01,28.0,34,4.5,0.0,93.3,49.5,297.7,14.0,27.53666666666667,1
2007-06-01,28.0,34,4.5,0.0,93.3,49.5,297.7,14.0,27.53666666666667,1
2007-09-01,22.8,46,4.0,0.0,91.1,88.2,731.7,8.3,25.846666666666668,1
2007-08-01,25.0,36,4.0,0.0,94.8,227.0,706.7,12.0,26.270967741935483,1
2007-08-01,21.3,41,3.6,0.0,90.7,194.1,643.0,6.8,26.270967741935483,1
2007-09-01,21.8,34,2.2,0.0,87.9,84.8,725.1,3.7,25.846666666666668,1
2007-08-01,27.9,27,2.2,0.0,94.6,212.1,680.9,9.5,26.270967741935483,1
2007-09-01,17.0,67,4.9,0.0,87.1,291.3,860.6,4.0,25.846666666666668,1
2007-02-01,14.2,46,4.0,0.0,84.7,8.2,55.0,2.9,26.789285714285715,1
2007-09-01,19.9,44,3.1,0.0,90.3,290.0,855.3,7.4,25.846666666666668,1
2007-07-01,23.4,31,5.4,0.0,92.3,96.2,450.2,12.1,26.916129032258063,1
2007-02-01,14.7,42,2.7,0.0,84.1,7.3,52.8,2.7,26.789285714285715,1
2007-02-01,8.2,53,9.4,0.0,84.6,3.2,43.6,3.3,26.789285714285715,1
2007-07-01,22.8,27,4.5,0.0,92.3,92.1,442.1,9.8,26.916129032258063,1
2007-08-01,26.4,33,3.6,0.0,93.7,231.1,715.1,8.4,26.270967741935483,1
2007-08-01,24.1,50,4.0,0.0,93.6,235.1,723.1,10.1,26.270967741935483,1
2007-08-01,27.5,27,4.9,0.0,94.8,222.4,698.6,13.9,26.270967741935483,1
2007-07-01,26.3,39,3.1,0.0,92.7,164.1,575.8,8.9,26.916129032258063,1
2007-03-01,13.8,24,5.8,0.0,93.4,17.3,28.3,9.9,27.01290322580645,1
2007-08-01,24.9,42,5.4,0.0,92.0,203.2,664.5,8.1,26.270967741935483,1
2007-08-01,24.8,36,4.0,0.0,91.6,181.3,613.0,7.6,26.270967741935483,1
2007-08-01,26.2,36,4.5,0.0,91.7,191.4,635.9,7.8,26.270967741935483,1
2007-08-01,30.8,19,4.5,0.0,95.2,217.7,690.0,18.0,26.270967741935483,1
2007-07-01,29.3,27,3.6,0.0,88.9,263.1,795.9,5.2,26.916129032258063,1
2007-09-01,22.3,48,4.0,0.0,91.2,94.3,744.4,8.4,25.846666666666668,1
2007-08-01,26.9,31,3.6,0.0,93.7,231.1,715.1,8.4,26.270967741935483,1
2007-08-01,20.4,56,2.2,0.0,91.6,248.4,753.8,6.3,26.270967741935483,1
2007-08-01,20.4,56,2.2,0.0,91.6,248.4,753.8,6.3,26.270967741935483,1
2007-08-01,27.9,33,2.2,0.0,92.1,207.0,672.6,8.2,26.270967741935483,1
2007-08-01,26.2,34,5.8,0.0,94.8,222.4,698.6,13.9,26.270967741935483,1
2007-08-01,24.6,44,4.0,0.0,91.6,181.3,613.0,7.6,26.270967741935483,1
2007-09-01,19.4,45,3.6,0.0,89.7,287.2,849.3,6.8,25.846666666666668,1
2007-08-01,23.3,40,4.0,0.0,92.1,178.0,605.3,9.6,26.270967741935483,1
2007-08-01,23.9,38,6.7,0.0,94.8,222.4,698.6,13.9,26.270967741935483,1
2007-08-01,20.9,66,4.9,0.0,93.6,235.1,723.1,10.1,26.270967741935483,1
2007-08-01,22.2,45,3.6,0.0,90.6,269.8,811.2,5.5,26.270967741935483,1
2007-07-01,23.8,51,1.8,0.0,90.8,84.7,376.6,5.6,26.916129032258063,1
2007-08-01,26.8,35,1.3,0.0,92.1,207.0,672.6,8.2,26.270967741935483,1
2007-08-01,14.2,73,2.7,0.0,89.4,253.6,768.4,9.7,26.270967741935483,1
2007-08-01,23.6,53,4.0,0.0,93.7,231.1,715.1,8.4,26.270967741935483,1
2007-09-01,19.1,46,2.2,0.0,91.1,91.3,738.1,7.2,25.846666666666668,1
2007-09-01,16.2,58,3.6,0.0,90.3,290.0,855.3,7.4,25.846666666666668,1
2007-08-01,25.5,29,1.8,0.0,92.1,207.0,672.6,8.2,26.270967741935483,1
2007-04-01,10.9,64,3.1,0.0,87.9,24.9,41.6,3.7,27.63,1
2007-07-01,14.8,78,8.0,0.0,90.7,80.9,368.3,16.8,26.916129032258063,1
2007-09-01,16.2,58,3.6,0.0,90.3,290.0,855.3,7.4,25.846666666666668,1
2007-08-01,17.3,80,4.5,0.0,94.0,47.9,100.7,10.7,26.270967741935483,1
2007-08-01,19.1,70,2.2,0.0,92.0,203.2,664.5,8.1,26.270967741935483,1
2007-03-01,8.9,35,8.0,0.0,93.4,17.3,28.3,9.9,27.01290322580645,1
2007-09-01,10.5,77,4.0,0.0,89.7,284.9,844.0,10.1,25.846666666666668,1
2007-08-01,19.3,61,4.9,0.0,91.6,181.3,613.0,7.6,26.270967741935483,1
2007-08-01,23.4,49,5.4,0.0,95.2,217.7,690.0,18.0,26.270967741935483,1
2007-08-01,11.8,88,4.9,0.0,90.5,196.8,649.9,16.3,26.270967741935483,1
2007-08-01,17.7,65,4.0,0.0,91.5,238.2,730.6,7.5,26.270967741935483,1
2007-08-01,17.4,54,3.1,0.0,89.4,266.2,803.3,5.6,26.270967741935483,1
2007-08-01,16.8,56,3.1,0.0,91.6,248.4,753.8,6.3,26.270967741935483,1
2007-07-01,17.9,48,2.7,0.0,94.6,160.0,567.2,16.7,26.916129032258063,1
2007-08-01,16.6,59,2.7,0.0,91.6,248.4,753.8,6.3,26.270967741935483,1
2007-08-01,19.9,50,4.0,0.0,91.7,191.4,635.9,7.8,26.270967741935483,1
2007-08-01,18.9,64,4.9,0.0,93.7,231.1,715.1,8.4,26.270967741935483,1
2007-08-01,15.5,72,8.0,0.0,91.6,273.8,819.1,7.7,26.270967741935483,1
2007-08-01,18.9,64,4.9,0.0,93.7,231.1,715.1,8.4,26.270967741935483,1
2007-08-01,18.9,64,4.9,0.0,93.7,231.1,715.1,8.4,26.270967741935483,1
2007-09-01,14.5,76,7.6,0.0,91.0,276.3,825.1,7.1,25.846666666666668,1
2007-02-01,4.6,82,6.3,0.0,75.1,4.4,16.2,1.9,26.789285714285715,1
2007-02-01,5.1,77,5.4,0.0,75.1,4.4,16.2,1.9,26.789285714285715,1
2007-02-01,4.6,59,0.9,0.0,79.5,3.6,15.3,1.8,26.789285714285715,1
2007-03-01,10.2,45,5.8,0.0,87.2,15.1,36.9,7.1,27.01290322580645,1
2007-03-01,11.2,41,5.4,0.0,90.2,18.5,41.1,7.3,27.01290322580645,1
2007-03-01,13.3,27,3.6,0.0,91.3,20.6,43.5,8.5,27.01290322580645,1
2007-04-01,13.7,33,9.4,0.0,91.0,14.6,25.6,12.3,27.63,1
2007-04-01,17.6,27,5.8,0.0,91.0,14.6,25.6,12.3,27.63,1
2007-05-01,18.0,40,4.0,0.0,89.6,25.4,73.7,5.7,27.374193548387098,1
2007-06-01,14.3,79,4.0,0.0,88.2,96.2,229.0,4.7,27.53666666666667,1
2007-06-01,24.5,50,3.1,0.0,90.5,61.1,252.6,9.4,27.53666666666667,1
2007-06-01,26.4,35,2.7,0.0,93.0,103.8,316.7,10.8,27.53666666666667,1
2007-06-01,22.7,40,9.4,0.0,93.7,121.7,350.2,18.0,27.53666666666667,1
2007-07-01,27.2,28,1.3,0.0,93.5,85.3,395.0,9.9,26.916129032258063,1
2007-07-01,26.1,45,4.0,0.0,93.7,101.3,423.4,14.7,26.916129032258063,1
2007-07-01,18.2,82,4.5,0.0,93.7,101.3,423.4,14.7,26.916129032258063,1
2007-07-01,22.6,57,4.9,0.0,89.2,103.9,431.6,6.4,26.916129032258063,1
2007-07-01,30.2,25,4.5,0.0,93.2,114.4,560.0,9.5,26.916129032258063,1
2007-07-01,30.2,22,4.9,0.0,93.2,114.4,560.0,9.5,26.916129032258063,1
2007-08-01,23.4,40,5.8,0.0,94.9,130.3,587.1,14.1,26.270967741935483,1
2007-08-01,31.0,27,5.4,0.0,94.9,130.3,587.1,14.1,26.270967741935483,1
2007-08-01,33.1,25,4.0,0.0,94.9,130.3,587.1,14.1,26.270967741935483,1
2007-08-01,30.6,28,3.6,0.0,95.0,135.5,596.3,21.3,26.270967741935483,1
2007-08-01,24.1,43,6.3,0.0,95.1,141.3,605.8,17.7,26.270967741935483,1
2007-08-01,26.4,34,3.6,0.0,95.1,141.3,605.8,17.7,26.270967741935483,1
2007-08-01,19.4,71,7.6,0.0,95.1,141.3,605.8,17.7,26.270967741935483,1
2007-08-01,20.6,58,1.3,0.0,95.1,141.3,605.8,17.7,26.270967741935483,1
2007-08-01,28.7,33,4.0,0.0,95.1,141.3,605.8,17.7,26.270967741935483,1
2007-08-01,32.4,21,4.5,0.0,95.8,152.0,624.1,13.8,26.270967741935483,1
2007-08-01,32.4,27,2.2,0.0,95.9,158.0,633.6,11.3,26.270967741935483,1
2007-08-01,27.5,29,4.5,0.0,95.9,158.0,633.6,11.3,26.270967741935483,1
2007-08-01,30.8,30,4.9,0.0,96.0,164.0,643.0,14.0,26.270967741935483,1
2007-08-01,23.9,42,2.2,0.0,96.2,175.5,661.8,16.8,26.270967741935483,1
2007-08-01,32.6,26,3.1,0.0,96.2,175.5,661.8,16.8,26.270967741935483,1
2007-08-01,32.3,27,2.2,0.0,96.1,181.1,671.2,14.3,26.270967741935483,1
2007-08-01,33.3,26,2.7,0.0,96.1,181.1,671.2,14.3,26.270967741935483,1
2007-08-01,27.3,63,4.9,6.4,96.1,181.1,671.2,14.3,26.270967741935483,1
2007-08-01,21.6,65,4.9,0.8,96.1,181.1,671.2,14.3,26.270967741935483,1
2007-08-01,21.6,65,4.9,0.8,96.1,181.1,671.2,14.3,26.270967741935483,1
2007-08-01,20.7,69,4.9,0.4,96.1,181.1,671.2,14.3,26.270967741935483,1
2007-08-01,29.2,30,4.9,0.0,94.5,139.4,689.1,20.0,26.270967741935483,1
2007-08-01,28.9,29,4.9,0.0,94.5,139.4,689.1,20.0,26.270967741935483,1
2007-08-01,26.7,35,1.8,0.0,91.0,163.2,744.4,10.1,26.270967741935483,1
2007-08-01,18.5,73,8.5,0.0,91.0,166.9,752.6,7.1,26.270967741935483,1
2007-08-01,25.9,41,3.6,0.0,91.0,166.9,752.6,7.1,26.270967741935483,1
2007-08-01,25.9,41,3.6,0.0,91.0,166.9,752.6,7.1,26.270967741935483,1
2007-08-01,21.1,71,7.6,1.4,91.0,166.9,752.6,7.1,26.270967741935483,1
2007-08-01,18.2,62,5.4,0.0,91.0,166.9,752.6,7.1,26.270967741935483,1
2007-08-01,27.8,35,2.7,0.0,81.6,56.7,665.6,1.9,26.270967741935483,1
2007-08-01,27.8,32,2.7,0.0,81.6,56.7,665.6,1.9,26.270967741935483,1
2007-08-01,21.9,71,5.8,0.0,81.6,56.7,665.6,1.9,26.270967741935483,1
2007-08-01,21.2,70,6.7,0.0,81.6,56.7,665.6,1.9,26.270967741935483,1
2007-08-01,25.6,42,4.0,0.0,94.4,146.0,614.7,11.3,26.270967741935483,1
2007-11-01,11.8,31,4.5,0.0,79.5,3.0,106.7,1.1,25.35,1
