timestamp,algeria_region,algeria_area,portugal_X,portugal_Y,temp,humidity,wind,rain,FFMC,DMC,DC,ISI,nino34_sst,fire
6/1/2012,Bejaia,ne,,,29,57,18,0,65.7,3.4,7.6,1.3,27.7,0
6/2/2012,Bejaia,ne,,,29,61,13,1.3,64.4,4.1,7.6,1,27.7,0
6/3/2012,Bejaia,ne,,,26,82,22,13.1,47.1,2.5,7.1,0.3,27.7,0
6/4/2012,Bejaia,ne,,,25,89,13,2.5,28.6,1.3,6.9,0,27.7,0
6/5/2012,Bejaia,ne,,,27,77,16,0,64.8,3,14.2,1.2,27.7,0
6/6/2012,Bejaia,ne,,,31,67,14,0,82.6,5.8,22.2,3.1,27.7,1
6/7/2012,Bejaia,ne,,,33,54,13,0,88.2,9.9,30.5,6.4,27.7,1
6/8/2012,Bejaia,ne,,,30,73,15,0,86.6,12.1,38.3,5.6,27.7,1
6/9/2012,Bejaia,ne,,,25,88,13,0.2,52.9,7.9,38.8,0.4,27.7,0
6/10/2012,Bejaia,ne,,,28,79,12,0,73.2,9.5,46.3,1.3,27.7,0
6/11/2012,Bejaia,ne,,,31,65,14,0,84.5,12.5,54.3,4,27.7,1
6/12/2012,Bejaia,ne,,,26,81,19,0,84,13.8,61.4,4.8,27.7,1
6/13/2012,Bejaia,ne,,,27,84,21,1.2,50,6.7,17,0.5,28,0
6/14/2012,Bejaia,ne,,,30,78,20,0.5,59,4.6,7.8,1,28,0
6/15/2012,Bejaia,ne,,,28,80,17,3.1,49.4,3,7.4,0.4,28,0
6/16/2012,Bejaia,ne,,,29,89,13,0.7,36.1,1.7,7.6,0,28,0
6/17/2012,Bejaia,ne,,,30,89,16,0.6,37.3,1.1,7.8,0,28,0
6/18/2012,Bejaia,ne,,,31,78,14,0.3,56.9,1.9,8,0.7,28,0
6/19/2012,Bejaia,ne,,,31,55,16,0.1,79.9,4.5,16,2.5,28,0
6/20/2012,Bejaia,ne,,,30,80,16,0.4,59.8,3.4,27.1,0.9,28.2,0
6/21/2012,Bejaia,ne,,,30,78,14,0,81,6.3,31.6,2.6,28.2,1
6/22/2012,Bejaia,ne,,,31,67,17,0.1,79.1,7,39.5,2.4,28.2,0
6/23/2012,Bejaia,ne,,,32,62,18,0.1,81.4,8.2,47.7,3.3,28.2,1
6/24/2012,Bejaia,ne,,,32,66,17,0,85.9,11.2,55.8,5.6,28.2,1
6/25/2012,Bejaia,ne,,,31,64,15,0,86.7,14.2,63.8,5.7,28.2,1
6/26/2012,Bejaia,ne,,,31,64,18,0,86.8,17.8,71.8,6.7,28.2,1
6/27/2012,Bejaia,ne,,,34,53,18,0,89,21.6,80.3,9.2,28,1
6/28/2012,Bejaia,ne,,,32,55,14,0,89.1,25.5,88.5,7.6,28,1
6/29/2012,Bejaia,ne,,,32,47,13,0.3,79.9,18.4,84.4,2.2,28,0
6/30/2012,Bejaia,ne,,,33,50,14,0,88.7,22.9,92.8,7.2,28,1
7/1/2012,Bejaia,ne,,,29,68,19,1,59.9,2.5,8.6,1.1,28,0
7/2/2012,Bejaia,ne,,,27,75,19,1.2,55.7,2.4,8.3,0.8,28,0
7/3/2012,Bejaia,ne,,,32,76,20,0.7,63.1,2.6,9.2,1.3,28,0
7/4/2012,Bejaia,ne,,,33,78,17,0,80.1,4.6,18.5,2.7,27.7,0
7/5/2012,Bejaia,ne,,,33,66,14,0,85.9,7.6,27.9,4.8,27.7,1
7/6/2012,Bejaia,ne,,,32,63,14,0,87,10.9,37,5.6,27.7,1
7/7/2012,Bejaia,ne,,,35,64,18,0.2,80,9.7,40.4,2.8,27.7,0
7/8/2012,Bejaia,ne,,,33,68,19,0,85.6,12.5,49.8,6,27.7,1
7/9/2012,Bejaia,ne,,,32,68,14,1.4,66.6,7.7,9.2,1.1,27.7,0
7/10/2012,Bejaia,ne,,,33,69,13,0.7,66.6,6,9.3,1.1,27.7,0
7/11/2012,Bejaia,ne,,,33,76,14,0,81.1,8.1,18.7,2.6,27.2,0
7/12/2012,Bejaia,ne,,,31,75,13,0.1,75.1,7.9,27.7,1.5,27.2,0
7/13/2012,Bejaia,ne,,,34,81,15,0,81.8,9.7,37.2,3,27.2,0
7/14/2012,Bejaia,ne,,,34,61,13,0.6,73.9,7.8,22.9,1.4,27.2,0
7/15/2012,Bejaia,ne,,,30,80,19,0.4,60.7,5.2,17,1.1,27.2,0
7/16/2012,Bejaia,ne,,,28,76,21,0,72.6,7,25.5,0.7,27.2,0
7/17/2012,Bejaia,ne,,,29,70,14,0,82.8,9.4,34.1,3.2,27.2,1
7/18/2012,Bejaia,ne,,,31,68,14,0,85.4,12.1,43.1,4.6,27.4,1
7/19/2012,Bejaia,ne,,,35,59,17,0,88.1,12,52.8,7.7,27.4,1
7/20/2012,Bejaia,ne,,,33,65,15,0.1,81.4,12.3,62.1,2.8,27.4,1
7/21/2012,Bejaia,ne,,,33,70,17,0,85.4,18.5,71.5,5.2,27.4,1
7/22/2012,Bejaia,ne,,,28,79,18,0.1,73.4,16.4,79.9,1.8,27.4,0
7/23/2012,Bejaia,ne,,,27,66,22,0.4,68.2,10.5,71.3,1.8,27.4,0
7/24/2012,Bejaia,ne,,,28,78,16,0.1,70,9.6,79.7,1.4,27.4,0
7/25/2012,Bejaia,ne,,,31,65,18,0,84.3,12.5,88.7,4.8,27.6,1
7/26/2012,Bejaia,ne,,,36,53,19,0,89.2,17.1,98.6,10,27.6,1
7/27/2012,Bejaia,ne,,,36,48,13,0,90.3,22.2,108.5,8.7,27.6,1
7/28/2012,Bejaia,ne,,,33,76,15,0,86.5,24.4,117.8,5.6,27.6,1
7/29/2012,Bejaia,ne,,,32,73,15,0,86.6,26.7,127,5.6,27.6,1
7/30/2012,Bejaia,ne,,,31,79,15,0,85.4,28.5,136,4.7,27.6,1
7/31/2012,Bejaia,ne,,,35,64,17,0,87.2,31.9,145.7,6.8,27.6,1
8/1/2012,Bejaia,ne,,,36,45,14,0,78.8,4.8,10.2,2,27.6,0
8/2/2012,Bejaia,ne,,,35,55,12,0.4,78,5.8,10,1.7,27.6,0
8/3/2012,Bejaia,ne,,,35,63,14,0.3,76.6,5.7,10,1.7,27.6,0
8/4/2012,Bejaia,ne,,,34,69,13,0,85,8.2,19.8,4,27.6,1
8/5/2012,Bejaia,ne,,,34,65,13,0,86.8,11.1,29.7,5.2,27.6,1
8/6/2012,Bejaia,ne,,,32,75,14,0,86.4,13,39.1,5.2,27.6,1
8/7/2012,Bejaia,ne,,,32,69,16,0,86.5,15.5,48.6,5.5,27.6,1
8/8/2012,Bejaia,ne,,,32,60,18,0.3,77.1,11.3,47,2.2,27.7,0
8/9/2012,Bejaia,ne,,,35,59,17,0,87.4,14.8,57,6.9,27.7,1
8/10/2012,Bejaia,ne,,,35,55,14,0,88.9,18.6,67,7.4,27.7,1
8/11/2012,Bejaia,ne,,,35,63,13,0,88.9,21.7,77,7.1,27.7,1
8/12/2012,Bejaia,ne,,,35,51,13,0.3,81.3,15.6,75.1,2.5,27.7,0
8/13/2012,Bejaia,ne,,,35,63,15,0,87,19,85.1,5.9,27.7,1
8/14/2012,Bejaia,ne,,,33,66,14,0,87,21.7,94.7,5.7,27.7,1
8/15/2012,Bejaia,ne,,,36,55,13,0.3,82.4,15.6,92.5,3.7,27.3,1
8/16/2012,Bejaia,ne,,,36,61,18,0.3,80.2,11.7,90.4,2.8,27.3,1
8/17/2012,Bejaia,ne,,,37,52,18,0,89.3,16,100.7,9.7,27.3,1
8/18/2012,Bejaia,ne,,,36,54,18,0,89.4,20,110.9,9.7,27.3,1
8/19/2012,Bejaia,ne,,,35,62,19,0,89.4,23.2,120.9,9.7,27.3,1
8/20/2012,Bejaia,ne,,,35,68,19,0,88.3,25.9,130.6,8.8,27.3,1
8/21/2012,Bejaia,ne,,,36,58,19,0,88.6,29.6,141.1,9.2,27.3,1
8/22/2012,Bejaia,ne,,,36,55,18,0,89.1,33.5,151.3,9.9,27.3,1
8/23/2012,Bejaia,ne,,,36,53,16,0,89.5,37.6,161.5,10.4,27.3,1
8/24/2012,Bejaia,ne,,,34,64,14,0,88.9,40.5,171.3,9,27.3,1
8/25/2012,Bejaia,ne,,,35,60,15,0,88.9,43.9,181.3,8.2,27.3,1
8/26/2012,Bejaia,ne,,,31,78,18,0,85.8,45.6,190.6,4.7,27.3,1
8/27/2012,Bejaia,ne,,,33,82,21,0,84.9,47,200.2,4.4,27.3,1
8/28/2012,Bejaia,ne,,,34,64,16,0,89.4,50.2,210.4,7.3,27.3,1
8/29/2012,Bejaia,ne,,,35,48,18,0,90.1,54.2,220.4,12.5,28.1,1
8/30/2012,Bejaia,ne,,,35,70,17,0.8,72.7,25.2,180.4,1.7,28.1,0
8/31/2012,Bejaia,ne,,,28,80,21,16.8,52.5,8.7,8.7,0.6,28.1,0
9/1/2012,Bejaia,ne,,,25,76,17,7.2,46,1.3,7.5,0.2,28.1,0
9/2/2012,Bejaia,ne,,,22,86,15,10.1,30.5,0.7,7,0,28.1,0
9/3/2012,Bejaia,ne,,,25,78,15,3.8,42.6,1.2,7.5,0.1,28.1,0
9/4/2012,Bejaia,ne,,,29,73,17,0.1,68.4,1.9,15.7,1.4,28.1,0
9/5/2012,Bejaia,ne,,,29,75,16,0,80.8,3.4,24,2.8,27.8,1
9/6/2012,Bejaia,ne,,,29,74,19,0.1,75.8,3.6,32.2,2.1,27.8,0
9/7/2012,Bejaia,ne,,,31,71,17,0.3,69.6,3.2,30.1,1.5,27.8,0
9/8/2012,Bejaia,ne,,,30,73,17,0.9,62,2.6,8.4,1.1,27.8,0
9/9/2012,Bejaia,ne,,,30,77,15,1,56.1,2.1,8.4,0.7,27.8,0
9/10/2012,Bejaia,ne,,,33,73,12,1.8,59.9,2.2,8.9,0.7,27.8,0
9/11/2012,Bejaia,ne,,,30,77,21,1.8,58.5,1.9,8.4,1.1,27.8,0
9/12/2012,Bejaia,ne,,,29,88,13,0,71,2.6,16.6,1.2,26.9,0
9/13/2012,Bejaia,ne,,,25,86,21,4.6,40.9,1.3,7.5,0.1,26.9,0
9/14/2012,Bejaia,ne,,,22,76,26,8.3,47.4,1.1,7,0.4,26.9,0
9/15/2012,Bejaia,ne,,,24,82,15,0.4,44.9,0.9,7.3,0.2,26.9,0
9/16/2012,Bejaia,ne,,,30,65,14,0,78.1,3.2,15.7,1.9,26.9,0
9/17/2012,Bejaia,ne,,,31,52,14,0,87.7,6.4,24.3,6.2,26.9,1
9/18/2012,Bejaia,ne,,,32,49,11,0,89.4,9.8,33.1,6.8,26.9,1
9/19/2012,Bejaia,ne,,,29,57,14,0,89.3,12.5,41.3,7.8,26.7,1
9/20/2012,Bejaia,ne,,,28,84,18,0,83.8,13.5,49.3,4.5,26.7,1
9/21/2012,Bejaia,ne,,,31,55,11,0,87.8,16.5,57.9,5.4,26.7,1
9/22/2012,Bejaia,ne,,,31,50,19,0.6,77.8,10.6,41.4,2.4,26.7,0
9/23/2012,Bejaia,ne,,,32,54,11,0.5,73.7,7.9,30.4,1.2,26.7,0
9/24/2012,Bejaia,ne,,,29,65,19,0.6,68.3,5.5,15.2,1.5,26.7,0
9/25/2012,Bejaia,ne,,,26,81,21,5.8,48.6,3,7.7,0.4,26.7,0
9/26/2012,Bejaia,ne,,,31,54,11,0,82,6,16.3,2.5,27,0
9/27/2012,Bejaia,ne,,,31,66,11,0,85.7,8.3,24.9,4,27,1
9/28/2012,Bejaia,ne,,,32,47,14,0.7,77.5,7.1,8.8,1.8,27,0
9/29/2012,Bejaia,ne,,,26,80,16,1.8,47.4,2.9,7.7,0.3,27,0
9/30/2012,Bejaia,ne,,,25,78,14,1.4,45,1.9,7.5,0.2,27,0
6/1/2012,Sidi-Bel Abbes,nw,,,32,71,12,0.7,57.1,2.5,8.2,0.6,27.7,0
6/2/2012,Sidi-Bel Abbes,nw,,,30,73,13,4,55.7,2.7,7.8,0.6,27.7,0
6/3/2012,Sidi-Bel Abbes,nw,,,29,80,14,2,48.7,2.2,7.6,0.3,27.7,0
6/4/2012,Sidi-Bel Abbes,nw,,,30,64,14,0,79.4,5.2,15.4,2.2,27.7,0
6/5/2012,Sidi-Bel Abbes,nw,,,32,60,14,0.2,77.1,6,17.6,1.8,27.7,0
6/6/2012,Sidi-Bel Abbes,nw,,,35,54,11,0.1,83.7,8.4,26.3,3.1,27.7,1
6/7/2012,Sidi-Bel Abbes,nw,,,35,44,17,0.2,85.6,9.9,28.9,5.4,27.7,1
6/8/2012,Sidi-Bel Abbes,nw,,,28,51,17,1.3,71.4,7.7,7.4,1.5,27.7,0
6/9/2012,Sidi-Bel Abbes,nw,,,27,59,18,0.1,78.1,8.5,14.7,2.4,27.7,0
6/10/2012,Sidi-Bel Abbes,nw,,,30,41,15,0,89.4,13.3,22.5,8.4,27.7,1
6/11/2012,Sidi-Bel Abbes,nw,,,31,42,21,0,90.6,18.2,30.5,13.4,27.7,1
6/12/2012,Sidi-Bel Abbes,nw,,,27,58,17,0,88.9,21.3,37.8,8.7,27.7,1
6/13/2012,Sidi-Bel Abbes,nw,,,30,52,15,2,72.3,11.4,7.8,1.4,28,0
6/14/2012,Sidi-Bel Abbes,nw,,,27,79,16,0.7,53.4,6.4,7.3,0.5,28,0
6/15/2012,Sidi-Bel Abbes,nw,,,28,90,15,0,66.8,7.2,14.7,1.2,28,0
6/16/2012,Sidi-Bel Abbes,nw,,,29,87,15,0.4,47.4,4.2,8,0.2,28,0
6/17/2012,Sidi-Bel Abbes,nw,,,31,69,17,4.7,62.2,3.9,8,1.1,28,0
6/18/2012,Sidi-Bel Abbes,nw,,,33,62,10,8.7,65.5,4.6,8.3,0.9,28,0
6/19/2012,Sidi-Bel Abbes,nw,,,32,67,14,4.5,64.6,4.4,8.2,1,28,0
6/20/2012,Sidi-Bel Abbes,nw,,,31,72,14,0.2,60.2,3.8,8,0.8,28.2,0
6/21/2012,Sidi-Bel Abbes,nw,,,32,55,14,0,86.2,8.3,18.4,5,28.2,1
6/22/2012,Sidi-Bel Abbes,nw,,,33,46,14,1.1,78.3,8.1,8.3,1.9,28.2,0
6/23/2012,Sidi-Bel Abbes,nw,,,33,59,16,0.8,74.2,7,8.3,1.6,28.2,0
6/24/2012,Sidi-Bel Abbes,nw,,,35,68,16,0,85.3,10,17,4.9,28.2,1
6/25/2012,Sidi-Bel Abbes,nw,,,34,70,16,0,86,12.8,25.6,5.4,28.2,1
6/26/2012,Sidi-Bel Abbes,nw,,,36,62,16,0,87.8,16.5,34.5,7,28.2,1
6/27/2012,Sidi-Bel Abbes,nw,,,36,55,15,0,89.1,20.9,43.3,8,28,1
6/28/2012,Sidi-Bel Abbes,nw,,,37,37,13,0,92.5,27.2,52.4,11.7,28,1
6/29/2012,Sidi-Bel Abbes,nw,,,37,36,13,0.6,86.2,17.9,36.7,4.8,28,1
6/30/2012,Sidi-Bel Abbes,nw,,,34,42,15,1.7,79.7,12,8.5,2.2,28,0
7/1/2012,Sidi-Bel Abbes,nw,,,28,58,18,2.2,63.7,3.2,8.5,1.2,28,0
7/2/2012,Sidi-Bel Abbes,nw,,,33,48,16,0,87.6,7.9,17.8,6.8,28,1
7/3/2012,Sidi-Bel Abbes,nw,,,34,56,17,0.1,84.7,9.7,27.3,4.7,28,1
7/4/2012,Sidi-Bel Abbes,nw,,,34,58,18,0,88,13.6,36.8,8,27.7,1
7/5/2012,Sidi-Bel Abbes,nw,,,34,45,18,0,90.5,18.7,46.4,11.3,27.7,1
7/6/2012,Sidi-Bel Abbes,nw,,,35,42,15,0.3,84.7,15.5,45.1,4.3,27.7,1
7/7/2012,Sidi-Bel Abbes,nw,,,38,43,13,0.5,85,13,35.4,4.1,27.7,1
7/8/2012,Sidi-Bel Abbes,nw,,,35,47,18,6,80.8,9.8,9.7,3.1,27.7,1
7/9/2012,Sidi-Bel Abbes,nw,,,36,43,15,1.9,82.3,9.4,9.9,3.2,27.7,1
7/10/2012,Sidi-Bel Abbes,nw,,,34,51,16,3.8,77.5,8,9.5,2,27.7,0
7/11/2012,Sidi-Bel Abbes,nw,,,34,56,15,2.9,74.8,7.1,9.5,1.6,27.2,0
7/12/2012,Sidi-Bel Abbes,nw,,,36,44,13,0,90.1,12.6,19.4,8.3,27.2,1
7/13/2012,Sidi-Bel Abbes,nw,,,39,45,13,0.6,85.2,11.3,10.4,4.2,27.2,1
7/14/2012,Sidi-Bel Abbes,nw,,,37,37,18,0.2,88.9,12.9,14.6,9,27.2,1
7/15/2012,Sidi-Bel Abbes,nw,,,34,45,17,0,90.5,18,24.1,10.9,27.2,1
7/16/2012,Sidi-Bel Abbes,nw,,,31,83,17,0,84.5,19.4,33.1,4.7,27.2,1
7/17/2012,Sidi-Bel Abbes,nw,,,32,81,17,0,84.6,21.1,42.3,4.7,27.2,1
7/18/2012,Sidi-Bel Abbes,nw,,,33,68,15,0,86.1,23.9,51.6,5.2,27.4,1
7/19/2012,Sidi-Bel Abbes,nw,,,34,58,16,0,88.1,27.8,61.1,7.3,27.4,1
7/20/2012,Sidi-Bel Abbes,nw,,,36,50,16,0,89.9,32.7,71,9.5,27.4,1
7/21/2012,Sidi-Bel Abbes,nw,,,36,29,18,0,93.9,39.6,80.6,18.5,27.4,1
7/22/2012,Sidi-Bel Abbes,nw,,,32,48,18,0,91.5,44.2,90.1,13.2,27.4,1
7/23/2012,Sidi-Bel Abbes,nw,,,31,71,17,0,87.3,46.6,99,6.9,27.4,1
7/24/2012,Sidi-Bel Abbes,nw,,,33,63,17,1.1,72.8,20.9,56.6,1.6,27.4,0
7/25/2012,Sidi-Bel Abbes,nw,,,39,64,9,1.2,73.8,11.7,15.9,1.1,27.6,0
7/26/2012,Sidi-Bel Abbes,nw,,,35,58,10,0.2,78.3,10.8,19.7,1.6,27.6,0
7/27/2012,Sidi-Bel Abbes,nw,,,29,87,18,0,80,11.8,28.3,2.8,27.6,0
7/28/2012,Sidi-Bel Abbes,nw,,,33,57,16,0,87.5,15.7,37.6,6.7,27.6,1
7/29/2012,Sidi-Bel Abbes,nw,,,34,59,16,0,88.1,19.5,47.2,7.4,27.6,1
7/30/2012,Sidi-Bel Abbes,nw,,,36,56,16,0,88.9,23.8,57.1,8.2,27.6,1
7/31/2012,Sidi-Bel Abbes,nw,,,37,55,15,0,89.3,28.3,67.2,8.3,27.6,1
8/1/2012,Sidi-Bel Abbes,nw,,,38,52,14,0,78.3,4.4,10.5,2,27.6,0
8/2/2012,Sidi-Bel Abbes,nw,,,40,34,14,0,93.3,10.8,21.4,13.8,27.6,1
8/3/2012,Sidi-Bel Abbes,nw,,,39,33,17,0,93.7,17.1,32.1,17.2,27.6,1
8/4/2012,Sidi-Bel Abbes,nw,,,38,35,15,0,93.8,23,42.7,15.7,27.6,1
8/5/2012,Sidi-Bel Abbes,nw,,,34,42,17,0.1,88.3,23.6,52.5,19,27.6,1
8/6/2012,Sidi-Bel Abbes,nw,,,30,54,14,3.1,70.5,11,9.1,1.3,27.6,0
8/7/2012,Sidi-Bel Abbes,nw,,,34,63,13,2.9,69.7,7.2,9.8,1.2,27.6,0
8/8/2012,Sidi-Bel Abbes,nw,,,37,56,11,0,87.4,11.2,20.2,5.2,27.7,1
8/9/2012,Sidi-Bel Abbes,nw,,,39,43,12,0,91.7,16.5,30.9,9.6,27.7,1
8/10/2012,Sidi-Bel Abbes,nw,,,39,39,15,0.2,89.3,15.8,35.4,8.2,27.7,1
8/11/2012,Sidi-Bel Abbes,nw,,,40,31,15,0,94.2,22.5,46.3,16.6,27.7,1
8/12/2012,Sidi-Bel Abbes,nw,,,39,21,17,0.4,93,18.4,41.5,15.5,27.7,1
8/13/2012,Sidi-Bel Abbes,nw,,,35,34,16,0.2,88.3,16.9,45.1,7.5,27.7,1
8/14/2012,Sidi-Bel Abbes,nw,,,37,40,13,0,91.9,22.3,55.5,10.8,27.7,1
8/15/2012,Sidi-Bel Abbes,nw,,,35,46,13,0.3,83.9,16.9,54.2,3.5,27.3,1
8/16/2012,Sidi-Bel Abbes,nw,,,40,41,10,0.1,92,22.6,65.1,9.5,27.3,1
8/17/2012,Sidi-Bel Abbes,nw,,,42,24,9,0,96,30.3,76.4,15.7,27.3,1
8/18/2012,Sidi-Bel Abbes,nw,,,37,37,14,0,94.3,35.9,86.8,16,27.3,1
8/19/2012,Sidi-Bel Abbes,nw,,,35,66,15,0.1,82.7,32.7,96.8,3.3,27.3,1
8/20/2012,Sidi-Bel Abbes,nw,,,36,81,15,0,83.7,34.4,107,3.8,27.3,1
8/21/2012,Sidi-Bel Abbes,nw,,,36,71,15,0,86,36.9,117.1,5.1,27.3,1
8/22/2012,Sidi-Bel Abbes,nw,,,37,53,14,0,89.5,41.1,127.5,8,27.3,1
8/23/2012,Sidi-Bel Abbes,nw,,,36,43,16,0,91.2,46.1,137.7,11.5,27.3,1
8/24/2012,Sidi-Bel Abbes,nw,,,35,38,15,0,92.1,51.3,147.7,12.2,27.3,1
8/25/2012,Sidi-Bel Abbes,nw,,,34,40,18,0,92.1,56.3,157.5,14.3,27.3,1
8/26/2012,Sidi-Bel Abbes,nw,,,33,37,16,0,92.2,61.3,167.2,13.1,27.3,1
8/27/2012,Sidi-Bel Abbes,nw,,,36,54,14,0,91,65.9,177.3,10,27.3,1
8/28/2012,Sidi-Bel Abbes,nw,,,35,56,14,0.4,79.2,37,166,2.1,27.3,0
8/29/2012,Sidi-Bel Abbes,nw,,,35,53,17,0.5,80.2,20.7,149.2,2.7,28.1,1
8/30/2012,Sidi-Bel Abbes,nw,,,34,49,15,0,89.2,24.8,159.1,8.1,28.1,1
8/31/2012,Sidi-Bel Abbes,nw,,,30,59,19,0,89.1,27.8,168.2,9.8,28.1,1
9/1/2012,Sidi-Bel Abbes,nw,,,29,86,16,0,37.9,0.9,8.2,0.1,28.1,0
9/2/2012,Sidi-Bel Abbes,nw,,,28,67,19,0,75.4,2.9,16.3,2,28.1,0
9/3/2012,Sidi-Bel Abbes,nw,,,28,75,16,0,82.2,4.4,24.3,3.3,28.1,1
9/4/2012,Sidi-Bel Abbes,nw,,,30,66,15,0.2,73.5,4.1,26.6,1.5,28.1,0
9/5/2012,Sidi-Bel Abbes,nw,,,30,58,12,4.1,66.1,4,8.4,1,27.8,0
9/6/2012,Sidi-Bel Abbes,nw,,,34,71,14,6.5,64.5,3.3,9.1,1,27.8,0
9/7/2012,Sidi-Bel Abbes,nw,,,31,62,15,0,83.3,5.8,17.7,3.8,27.8,1
9/8/2012,Sidi-Bel Abbes,nw,,,30,88,14,0,82.5,6.6,26.1,3,27.8,1
9/9/2012,Sidi-Bel Abbes,nw,,,30,80,15,0,83.1,7.9,34.5,3.5,27.8,1
9/10/2012,Sidi-Bel Abbes,nw,,,29,74,15,1.1,59.5,4.7,8.2,0.8,27.8,0
9/11/2012,Sidi-Bel Abbes,nw,,,30,73,14,0,79.2,6.5,16.6,2.1,27.8,0
9/12/2012,Sidi-Bel Abbes,nw,,,31,72,14,0,84.2,8.3,25.2,3.8,26.9,1
9/13/2012,Sidi-Bel Abbes,nw,,,29,49,19,0,88.6,11.5,33.4,9.1,26.9,1
9/14/2012,Sidi-Bel Abbes,nw,,,28,81,15,0,84.6,12.6,41.5,4.3,26.9,1
9/15/2012,Sidi-Bel Abbes,nw,,,32,51,13,0,88.7,16,50.2,6.9,26.9,1
9/16/2012,Sidi-Bel Abbes,nw,,,33,26,13,0,93.9,21.2,59.2,14.2,26.9,1
9/17/2012,Sidi-Bel Abbes,nw,,,34,44,12,0,92.5,25.2,63.3,11.2,26.9,1
9/18/2012,Sidi-Bel Abbes,nw,,,36,33,13,0.1,90.6,25.8,77.8,9,26.9,1
9/19/2012,Sidi-Bel Abbes,nw,,,29,41,8,0.1,83.9,24.9,86,2.7,26.7,1
9/20/2012,Sidi-Bel Abbes,nw,,,34,58,13,0.2,79.5,18.7,88,2.1,26.7,0
9/21/2012,Sidi-Bel Abbes,nw,,,35,34,17,0,92.2,23.6,97.3,13.8,26.7,1
9/22/2012,Sidi-Bel Abbes,nw,,,33,64,13,0,88.9,26.1,106.3,7.1,26.7,1
9/23/2012,Sidi-Bel Abbes,nw,,,35,56,14,0,89,29.4,115.6,7.5,26.7,1
9/24/2012,Sidi-Bel Abbes,nw,,,26,49,6,2,61.3,11.9,28.1,0.6,26.7,0
9/25/2012,Sidi-Bel Abbes,nw,,,28,70,15,0,79.9,13.8,36.1,2.4,26.7,0
9/26/2012,Sidi-Bel Abbes,nw,,,30,65,14,0,85.4,16,44.5,4.5,27,1
9/27/2012,Sidi-Bel Abbes,nw,,,28,87,15,4.4,41.1,6.5,8,0.1,27,0
9/28/2012,Sidi-Bel Abbes,nw,,,27,87,29,0.5,45.9,3.5,7.9,0.4,27,0
9/29/2012,Sidi-Bel Abbes,nw,,,24,54,18,0.1,79.7,4.3,15.2,1.7,27,0
9/30/2012,Sidi-Bel Abbes,nw,,,24,64,15,0.2,67.3,3.8,16.5,1.2,27,0
3/1/2007,,,7,5,8.2,51,6.7,0,86.2,26.2,94.3,5.1,27.01290323,1
10/1/2007,,,7,4,18,33,0.9,0,90.6,35.4,669.1,6.7,25.43225806,1
10/1/2007,,,7,4,14.6,33,1.3,0,90.6,43.7,686.9,6.7,25.43225806,1
3/1/2007,,,8,6,8.3,97,4,0.2,91.7,33.3,77.5,9,27.01290323,1
3/1/2007,,,8,6,11.4,99,1.8,0,89.3,51.3,102.2,9.6,27.01290323,1
8/1/2007,,,8,6,22.2,29,5.4,0,92.3,85.3,488,14.7,26.27096774,1
8/1/2007,,,8,6,24.1,27,3.1,0,92.3,88.9,495.6,8.5,26.27096774,1
8/1/2007,,,8,6,8,86,2.2,0,91.5,145.4,608.2,10.7,26.27096774,1
9/1/2007,,,8,6,13.1,63,5.4,0,91,129.5,692.6,7,25.84666667,1
9/1/2007,,,7,5,22.8,40,4,0,92.5,88,698.6,7.1,25.84666667,1
9/1/2007,,,7,5,17.8,51,7.2,0,92.5,88,698.6,7.1,25.84666667,1
9/1/2007,,,7,5,19.3,38,4,0,92.8,73.2,713,22.6,25.84666667,1
8/1/2007,,,6,5,17,72,6.7,0,63.5,70.8,665.3,0.8,26.27096774,1
9/1/2007,,,6,5,21.3,42,2.2,0,90.9,126.5,686.5,7,25.84666667,1
9/1/2007,,,6,5,26.4,21,4.5,0,92.9,133.3,699.6,9.2,25.84666667,1
9/1/2007,,,6,5,22.9,44,5.4,0,93.3,141.2,713.9,13.9,25.84666667,1
3/1/2007,,,5,5,15.1,27,5.4,0,91.7,35.8,80.8,7.8,27.01290323,1
10/1/2007,,,8,5,16.7,47,4.9,0,84.9,32.8,664.2,3,25.43225806,1
3/1/2007,,,6,4,15.9,35,4,0,89.2,27.9,70.8,6.3,27.01290323,1
4/1/2007,,,6,4,9.3,44,4.5,0,86.3,27.4,97.1,5.1,27.63,1
9/1/2007,,,6,4,18.3,40,2.7,0,91,129.5,692.6,7,25.84666667,1
9/1/2007,,,5,4,19.1,38,2.7,0,91.8,78.5,724.3,9.2,25.84666667,1
6/1/2007,,,7,4,21,44,4.5,0,94.3,96.3,200,56.1,27.53666667,1
8/1/2007,,,7,4,19.5,43,5.8,0,90.2,110.9,537.4,6.2,26.27096774,1
8/1/2007,,,7,4,23.7,32,5.8,0,93.5,139.4,594.2,20.3,26.27096774,1
8/1/2007,,,7,4,16.3,60,5.4,0,91.4,142.4,601.4,10.6,26.27096774,1
9/1/2007,,,7,4,19,34,5.8,0,92.4,117.9,668,12.2,25.84666667,1
9/1/2007,,,7,4,19.4,48,1.3,0,90.9,126.5,686.5,7,25.84666667,1
9/1/2007,,,6,3,30.2,24,2.7,0,93.4,145.4,721.4,8.1,25.84666667,1
9/1/2007,,,6,3,22.8,39,3.6,0,93.5,149.3,728.6,8.1,25.84666667,1
9/1/2007,,,6,3,25.4,24,3.6,0,94.3,85.1,692.3,15.9,25.84666667,1
9/1/2007,,,6,3,11.2,78,7.6,0,88.6,91.8,709.9,7.1,25.84666667,1
9/1/2007,,,6,3,20.6,37,1.8,0,88.6,69.7,706.8,5.8,25.84666667,1
9/1/2007,,,6,3,17.7,39,3.6,0,91.7,75.6,718.3,7.8,25.84666667,1
9/1/2007,,,6,3,21.2,32,2.7,0,91.8,78.5,724.3,9.2,25.84666667,1
9/1/2007,,,6,3,18.2,62,4.5,0,90.3,80.7,730.2,6.3,25.84666667,1
10/1/2007,,,6,3,21.7,24,4.5,0,90.6,35.4,669.1,6.7,25.43225806,1
10/1/2007,,,7,4,11.3,60,5.4,0,90,41.5,682.6,8.7,25.43225806,1
10/1/2007,,,7,3,17.8,27,4,0,90.6,43.7,686.9,6.7,25.43225806,1
3/1/2007,,,4,4,14.1,43,2.7,0,88.1,25.7,67.6,3.8,27.01290323,1
7/1/2007,,,4,4,23.3,37,3.1,0,79.5,60.6,366.7,1.5,26.91612903,1
8/1/2007,,,4,4,18.4,42,6.7,0,90.2,96.9,624.2,8.9,26.27096774,1
8/1/2007,,,4,4,16.6,54,5.4,0,94.8,108.3,647.1,17,26.27096774,1
9/1/2007,,,4,4,19.6,48,2.7,0,92.5,88,698.6,7.1,25.84666667,1
9/1/2007,,,4,4,12.9,74,4.9,0,90.1,82.9,735.7,6.2,25.84666667,1
9/1/2007,,,5,6,25.9,24,4,0,94.3,85.1,692.3,15.9,25.84666667,1
9/1/2007,,,5,6,14.7,70,3.6,0,90.9,126.5,686.5,7,25.84666667,1
7/1/2007,,,6,6,23,36,3.1,0,94.2,62.3,442.9,11,26.91612903,1
3/1/2007,,,4,4,11.8,35,1.8,0,87.2,23.9,64.7,4.1,27.01290323,1
3/1/2007,,,4,4,11,46,5.8,0,87.6,52.2,103.8,5,27.01290323,1
9/1/2007,,,4,4,20.8,17,1.3,0,92.9,137,706.4,9.2,25.84666667,1
8/1/2007,,,4,3,21.5,34,2.2,0,90.2,99.6,631.2,6.3,26.27096774,1
8/1/2007,,,4,3,20.4,42,4.9,0,92.1,111.2,654.1,9.6,26.27096774,1
8/1/2007,,,4,3,20.4,42,4.9,0,92.1,111.2,654.1,9.6,26.27096774,1
8/1/2007,,,4,3,17.6,45,3.6,0,91.7,114.3,661.3,6.3,26.27096774,1
9/1/2007,,,4,3,27.7,24,2.2,0,92.9,137,706.4,9.2,25.84666667,1
9/1/2007,,,4,3,17.8,63,4.9,0,90.3,80.7,730.2,6.3,25.84666667,1
10/1/2007,,,4,3,13.8,50,2.7,0,92.6,46.5,691.8,8.8,25.43225806,1
2/1/2007,,,2,2,13.9,40,5.4,0,84,9.3,34,2.1,26.78928571,1
2/1/2007,,,2,2,12.3,51,0.9,0,86.6,13.2,43,5.3,26.78928571,1
3/1/2007,,,2,2,11.5,39,5.8,0,89.3,51.3,102.2,9.6,27.01290323,1
3/1/2007,,,2,2,5.5,59,6.3,0,89.3,51.3,102.2,9.6,27.01290323,1
8/1/2007,,,2,2,18.8,35,4.9,0,93,75.3,466.6,7.7,26.27096774,1
8/1/2007,,,2,2,20.8,33,2.7,0,90.2,99.6,631.2,6.3,26.27096774,1
8/1/2007,,,2,2,23.1,31,3.1,0,91.1,103.2,638.8,5.8,26.27096774,1
8/1/2007,,,2,2,18.6,44,4.5,0,91.7,114.3,661.3,6.3,26.27096774,1
9/1/2007,,,2,2,23,37,4.5,0,92.4,117.9,668,12.2,25.84666667,1
9/1/2007,,,2,2,19.6,33,5.4,0,92.4,117.9,668,12.2,25.84666667,1
9/1/2007,,,2,2,19.6,33,6.3,0,92.4,117.9,668,12.2,25.84666667,1
3/1/2007,,,4,5,17.2,26,4.5,0,91.7,33.3,77.5,9,27.01290323,1
3/1/2007,,,4,5,15.8,27,7.6,0,91.2,48.3,97.8,12.5,27.01290323,1
9/1/2007,,,4,5,17.7,37,3.6,0,94.3,85.1,692.3,15.9,25.84666667,1
3/1/2007,,,5,4,15.6,25,6.3,0,91.7,33.3,77.5,9,27.01290323,1
8/1/2007,,,5,4,17.3,43,4.5,0,88.8,147.3,614.5,9,26.27096774,1
9/1/2007,,,5,4,27.6,30,1.3,0,93.3,141.2,713.9,13.9,25.84666667,1
2/1/2007,,,9,9,6.7,79,3.1,0,84.2,6.8,26.6,7.7,26.78928571,1
2/1/2007,,,9,9,15.7,43,3.1,0,86.6,13.2,43,5.3,26.78928571,1
3/1/2007,,,1,3,8.3,72,3.1,0,87.6,52.2,103.8,5,27.01290323,1
8/1/2007,,,1,2,14.7,66,2.7,0,90.1,108,529.8,12.5,26.27096774,1
8/1/2007,,,1,2,21.6,19,6.7,0,91,121.2,561.6,7,26.27096774,1
8/1/2007,,,1,2,19.5,39,6.3,0,91.4,142.4,601.4,10.6,26.27096774,1
8/1/2007,,,1,2,17.9,44,2.2,0,90.2,99.6,631.2,6.3,26.27096774,1
8/1/2007,,,1,2,18.6,51,4.5,0,94.8,108.3,647.1,17,26.27096774,1
8/1/2007,,,1,2,16.6,47,0.9,0,92.1,111.2,654.1,9.6,26.27096774,1
8/1/2007,,,1,2,20.2,45,3.6,0,91.7,114.3,661.3,6.3,26.27096774,1
9/1/2007,,,1,2,21.5,15,0.9,0,92.9,137,706.4,9.2,25.84666667,1
9/1/2007,,,1,2,25.4,27,2.2,0,92.9,137,706.4,9.2,25.84666667,1
9/1/2007,,,1,2,22.4,34,2.2,0,92.9,137,706.4,9.2,25.84666667,1
9/1/2007,,,1,2,25.3,36,3.6,0,93.5,149.3,728.6,8.1,25.84666667,1
3/1/2007,,,6,5,17.4,25,4.9,0,91.7,35.8,80.8,7.8,27.01290323,1
8/1/2007,,,6,5,14.7,59,5.8,0,90.2,96.9,624.2,8.9,26.27096774,1
3/1/2007,,,8,6,17.4,24,5.4,0,91.7,35.8,80.8,7.8,27.01290323,1
8/1/2007,,,8,6,20.8,32,6.3,0,92.3,85.3,488,14.7,26.27096774,1
8/1/2007,,,8,6,18.2,43,4.9,0,91.4,142.4,601.4,10.6,26.27096774,1
8/1/2007,,,8,6,23.4,22,2.7,0,91.1,103.2,638.8,5.8,26.27096774,1
9/1/2007,,,4,4,17.8,64,1.3,0,89.7,90,704.4,4.8,25.84666667,1
2/1/2007,,,3,4,12.7,48,1.8,0,83.9,8,30.2,2.6,26.78928571,1
3/1/2007,,,3,4,17.4,24,5.4,0,69,2.4,15.5,0.7,27.01290323,1
8/1/2007,,,3,4,11.6,87,4.5,0,91.4,142.4,601.4,10.6,26.27096774,1
8/1/2007,,,3,4,19.8,39,5.4,0,91.4,142.4,601.4,10.6,26.27096774,1
8/1/2007,,,3,4,19.8,39,5.4,0,91.4,142.4,601.4,10.6,26.27096774,1
8/1/2007,,,3,4,14.4,66,5.4,0,88.8,147.3,614.5,9,26.27096774,1
8/1/2007,,,2,4,20.1,40,4,0,94.8,108.3,647.1,17,26.27096774,1
9/1/2007,,,2,4,24.1,29,4.5,0,92.5,121.1,674.4,8.6,25.84666667,1
1/1/2007,,,2,4,5.3,78,3.1,0,82.1,3.7,9.3,2.9,27.33870968,1
3/1/2007,,,4,5,12.7,52,6.3,0,85.9,19.5,57.3,2.8,27.01290323,1
3/1/2007,,,4,5,18.2,29,3.1,0,91.4,30.7,74.3,7.5,27.01290323,1
8/1/2007,,,4,5,21.4,33,3.1,0,90.2,99.6,631.2,6.3,26.27096774,1
9/1/2007,,,4,5,20.3,45,3.1,0,92.5,88,698.6,7.1,25.84666667,1
9/1/2007,,,4,5,17.4,56,5.4,0,88.6,91.8,709.9,7.1,25.84666667,1
3/1/2007,,,4,4,13.7,43,5.8,0,85.9,19.5,57.3,2.8,27.01290323,1
3/1/2007,,,3,4,18.8,18,4.5,0,91.7,33.3,77.5,9,27.01290323,1
9/1/2007,,,3,4,22.8,39,3.6,0,89.7,90,704.4,4.8,25.84666667,1
9/1/2007,,,3,4,18.9,35,2.7,0,91.8,78.5,724.3,9.2,25.84666667,1
3/1/2007,,,3,4,15.8,27,7.6,0,88.1,25.7,67.6,3.8,27.01290323,1
3/1/2007,,,3,5,15.5,27,6.3,0,88.1,25.7,67.6,3.8,27.01290323,1
3/1/2007,,,3,4,11.6,30,6.3,0,91.7,35.8,80.8,7.8,27.01290323,1
3/1/2007,,,3,4,15.2,27,4.9,0,91.7,35.8,80.8,7.8,27.01290323,1
3/1/2007,,,3,4,10.6,30,4,0,90.1,39.7,86.6,6.2,27.01290323,1
8/1/2007,,,3,4,19.6,36,3.1,0,93,75.3,466.6,7.7,26.27096774,1
8/1/2007,,,3,4,10.3,74,2.2,0,91.5,145.4,608.2,10.7,26.27096774,1
8/1/2007,,,3,4,17.1,43,5.4,0,91.5,145.4,608.2,10.7,26.27096774,1
9/1/2007,,,3,4,22.5,42,5.4,0,92.4,124.1,680.7,8.5,25.84666667,1
9/1/2007,,,3,4,17.9,45,3.1,0,84.4,73.4,671.9,3.2,25.84666667,1
9/1/2007,,,3,4,19.8,50,5.4,0,94.3,85.1,692.3,15.9,25.84666667,1
10/1/2007,,,3,4,20.6,24,5.4,0,92.6,46.5,691.8,8.8,25.43225806,1
3/1/2007,,,3,5,9,49,2.2,0,87.6,52.2,103.8,5,27.01290323,1
9/1/2007,,,3,5,17.2,43,3.1,0,93.5,149.3,728.6,8.1,25.84666667,1
10/1/2007,,,3,5,15.9,46,3.6,0,91.4,37.9,673.8,5.2,25.43225806,1
10/1/2007,,,2,5,15.4,35,0.9,0,92.6,46.5,691.8,8.8,25.43225806,1
2/1/2007,,,4,6,15.4,40,2.7,0,68.2,21.5,87.2,0.8,26.78928571,1
3/1/2007,,,4,6,14,39,3.1,0,87.2,23.9,64.7,4.1,27.01290323,1
3/1/2007,,,4,6,10.6,46,4.9,0,89.3,51.3,102.2,9.6,27.01290323,1
9/1/2007,,,4,6,17.6,42,3.1,0,93.7,80.9,685.2,17.9,25.84666667,1
3/1/2007,,,3,5,14.9,38,2.7,0,88.1,25.7,67.6,3.8,27.01290323,1
8/1/2007,,,3,5,17.6,52,5.8,0,93.5,139.4,594.2,20.3,26.27096774,1
9/1/2007,,,3,6,17.2,58,1.3,0,92.4,124.1,680.7,8.5,25.84666667,1
9/1/2007,,,3,6,15.6,66,3.1,0,90.9,126.5,686.5,7,25.84666667,1
7/1/2007,,,9,9,18,42,2.7,0,85.8,48.3,313.4,3.9,26.91612903,1
9/1/2007,,,1,4,21.7,38,2.2,0,91,129.5,692.6,7,25.84666667,1
9/1/2007,,,2,5,21.9,39,1.8,0,90.9,126.5,686.5,7,25.84666667,1
8/1/2007,,,1,2,23.3,31,4.5,0,95.5,99.9,513.3,13.2,26.27096774,1
8/1/2007,,,8,6,21.2,51,8.9,0,90.1,108,529.8,12.5,26.27096774,1
7/1/2007,,,1,2,16.6,53,5.4,0,90,51.3,296.3,8.7,26.91612903,1
8/1/2007,,,2,5,23.8,32,5.4,0,95.5,99.9,513.3,13.2,26.27096774,1
8/1/2007,,,6,5,27.4,22,4,0,95.2,131.7,578.8,10.4,26.27096774,1
3/1/2007,,,5,4,13.2,40,5.4,0,90.1,39.7,86.6,6.2,27.01290323,1
9/1/2007,,,8,3,24.2,28,3.6,0,84.4,73.4,671.9,3.2,25.84666667,1
8/1/2007,,,2,2,17.4,43,6.7,0,94.8,108.3,647.1,17,26.27096774,1
9/1/2007,,,8,6,23.7,25,4.5,0,93.7,80.9,685.2,17.9,25.84666667,1
6/1/2007,,,6,5,23.2,39,5.4,0,92.5,56.4,433.3,7.1,27.53666667,1
7/1/2007,,,9,9,24.8,29,2.2,0,90.1,68.6,355.2,7.2,26.91612903,1
7/1/2007,,,3,4,24.6,43,1.8,0,90.1,51.2,424.1,6.2,26.91612903,1
9/1/2007,,,5,4,20.1,47,4.9,0,94.3,85.1,692.3,15.9,25.84666667,1
9/1/2007,,,1,5,29.6,27,2.7,0,93.4,145.4,721.4,8.1,25.84666667,1
8/1/2007,,,7,4,16.4,47,1.3,0,94.8,108.3,647.1,17,26.27096774,1
9/1/2007,,,2,4,28.6,27,2.2,0,93.4,145.4,721.4,8.1,25.84666667,1
8/1/2007,,,2,2,18.4,45,3.6,0,92.1,111.2,654.1,9.6,26.27096774,1
8/1/2007,,,2,4,20.5,35,4,0,92.1,111.2,654.1,9.6,26.27096774,1
9/1/2007,,,7,4,19,34,5.8,0,92.4,117.9,668,12.2,25.84666667,1
3/1/2007,,,7,4,16.1,29,3.1,0,90.1,39.7,86.6,6.2,27.01290323,1
8/1/2007,,,6,4,20.3,41,4,0,95.2,131.7,578.8,10.4,26.27096774,1
3/1/2007,,,6,3,15.2,31,8.5,0,90.6,50.1,100.4,7.8,27.01290323,1
9/1/2007,,,8,6,17.8,56,1.8,0,92.5,121.1,674.4,8.6,25.84666667,1
9/1/2007,,,8,5,17.8,67,2.2,0,89.7,90,704.4,4.8,25.84666667,1
3/1/2007,,,6,5,5.3,70,4.5,0,84.9,18.2,55,3,27.01290323,1
8/1/2007,,,6,5,16.6,47,0.9,0,92.1,111.2,654.1,9.6,26.27096774,1
8/1/2007,,,6,5,23.4,33,4.5,0,96,127.1,570.5,16.5,26.27096774,1
3/1/2007,,,6,5,14.6,26,9.4,0,91.2,48.3,97.8,12.5,27.01290323,1
8/1/2007,,,8,6,20.7,45,2.2,0,95.2,131.7,578.8,10.4,26.27096774,1
9/1/2007,,,5,4,21.9,35,1.8,0,92.9,133.3,699.6,9.2,25.84666667,1
8/1/2007,,,8,6,17.4,50,4,0,85.6,90.4,609.6,6.6,26.27096774,1
8/1/2007,,,7,4,20.1,39,5.4,0,91.4,142.4,601.4,10.6,26.27096774,1
9/1/2007,,,4,4,17.7,39,2.2,0,90.9,126.5,686.5,7,25.84666667,1
8/1/2007,,,1,4,14.2,53,1.8,0,90.2,96.9,624.2,8.9,26.27096774,1
8/1/2007,,,1,4,20.3,39,4.9,0,90.2,96.9,624.2,8.9,26.27096774,1
4/1/2007,,,6,5,5.8,54,5.8,0,81.5,9.1,55.2,2.7,27.63,1
8/1/2007,,,2,5,19.2,44,2.7,0,90.2,99.6,631.2,6.3,26.27096774,1
9/1/2007,,,2,5,18.3,45,2.2,0,90.1,82.9,735.7,6.2,25.84666667,1
8/1/2007,,,8,6,14.4,66,5.4,0,88.8,147.3,614.5,9,26.27096774,1
9/1/2007,,,1,3,23.9,32,6.7,0,92.4,124.1,680.7,8.5,25.84666667,1
10/1/2007,,,8,6,19.1,32,4,0,84.9,32.8,664.2,3,25.43225806,1
2/1/2007,,,5,4,12.4,53,2.2,0,86.8,15.6,48.3,3.9,26.78928571,1
10/1/2007,,,7,4,16.8,45,4.5,0,91.7,48.5,696.1,11.1,25.43225806,1
8/1/2007,,,8,6,20.8,34,4.9,0,93.9,135.7,586.7,15.1,26.27096774,1
9/1/2007,,,2,5,17.6,46,3.1,0,91,129.5,692.6,7,25.84666667,1
3/1/2007,,,8,6,11.5,39,5.8,0,89.3,51.3,102.2,9.6,27.01290323,1
9/1/2007,,,1,5,21,42,2.2,0,90.9,126.5,686.5,7,25.84666667,1
3/1/2007,,,6,4,13.3,42,0.9,0,90.8,41.9,89.4,7.9,27.01290323,1
3/1/2007,,,7,4,11.5,60,4,0,90.7,44,92.4,5.5,27.01290323,1
3/1/2007,,,6,5,11.7,33,4,0,91.2,48.3,97.8,12.5,27.01290323,1
8/1/2007,,,2,5,24.2,28,2.7,0,95.2,131.7,578.8,10.4,26.27096774,1
8/1/2007,,,2,2,24.6,22,4.5,0,94.8,108.3,647.1,17,26.27096774,1
9/1/2007,,,4,5,24.3,25,4,0,92.9,133.3,699.6,9.2,25.84666667,1
8/1/2007,,,2,2,24.6,22,4.5,0,94.8,108.3,647.1,17,26.27096774,1
8/1/2007,,,2,5,23.5,36,5.4,0,93.9,135.7,586.7,15.1,26.27096774,1
4/1/2007,,,6,5,5.8,54,5.8,0,81.5,9.1,55.2,2.7,27.63,1
9/1/2007,,,4,5,21.5,15,0.9,0,92.9,137,706.4,9.2,25.84666667,1
9/1/2007,,,3,4,13.9,59,6.3,0,91,129.5,692.6,7,25.84666667,1
9/1/2007,,,2,4,22.6,38,3.6,0,63.5,70.8,665.3,0.8,25.84666667,1
9/1/2007,,,1,5,21.6,33,2.2,0,91,129.5,692.6,7,25.84666667,1
3/1/2007,,,6,5,12.4,54,3.6,0,90.1,37.6,83.7,7.2,27.01290323,1
2/1/2007,,,7,4,8.8,68,2.2,0,83.9,8.7,32.1,2.1,26.78928571,1
10/1/2007,,,8,6,20.2,37,2.7,0,91.4,37.9,673.8,5.2,25.43225806,1
3/1/2007,,,5,6,15.1,64,4,0,90.6,50.1,100.4,7.8,27.01290323,1
9/1/2007,,,4,5,22.1,34,1.8,0,92.9,137,706.4,9.2,25.84666667,1
8/1/2007,,,2,2,22.9,31,7.2,0,93.5,139.4,594.2,20.3,26.27096774,1
9/1/2007,,,7,5,20.7,37,2.2,0,91,129.5,692.6,7,25.84666667,1
9/1/2007,,,6,5,19.6,33,6.3,0,92.4,117.9,668,12.2,25.84666667,1
9/1/2007,,,8,3,23.2,26,4.9,0,93.7,80.9,685.2,17.9,25.84666667,1
10/1/2007,,,4,4,18.4,25,3.1,0,90.6,43.7,686.9,6.7,25.43225806,1
8/1/2007,,,7,4,5.1,96,5.8,0,93.5,139.4,594.2,20.3,26.27096774,1
9/1/2007,,,7,4,20.1,47,4.9,0,94.3,85.1,692.3,15.9,25.84666667,1
3/1/2007,,,7,3,11,46,5.8,0,87.6,52.2,103.8,5,27.01290323,1
3/1/2007,,,4,4,17,27,4.9,0,91.7,35.8,80.8,7.8,27.01290323,1
3/1/2007,,,4,4,17,27,4.9,0,91.7,35.8,80.8,7.8,27.01290323,1
9/1/2007,,,4,4,16.9,60,1.3,0,92.4,124.1,680.7,8.5,25.84666667,1
9/1/2007,,,1,3,12.4,73,6.3,0,88.6,91.8,709.9,7.1,25.84666667,1
9/1/2007,,,4,5,19.4,19,1.3,0,92.9,133.3,699.6,9.2,25.84666667,1
3/1/2007,,,6,5,15.2,27,3.1,0,90.1,39.7,86.6,6.2,27.01290323,1
8/1/2007,,,8,6,16.2,59,3.1,0,90.2,99.6,631.2,6.3,26.27096774,1
9/1/2007,,,3,4,18.6,49,3.6,0,93.3,141.2,713.9,13.9,25.84666667,1
3/1/2007,,,4,3,11,46,5.8,0,87.6,52.2,103.8,5,27.01290323,1
7/1/2007,,,2,2,13.4,79,3.6,0,88.3,150.3,309.9,6.8,26.91612903,1
9/1/2007,,,7,4,15.4,57,4.5,0,90.1,82.9,735.7,6.2,25.84666667,1
9/1/2007,,,4,4,22.9,39,4.9,0,93.5,149.3,728.6,8.1,25.84666667,1
10/1/2007,,,7,5,16.1,44,4,0,91.7,48.5,696.1,11.1,25.43225806,1
8/1/2007,,,8,6,20.1,34,4.5,0,92.2,81.8,480.8,11.9,26.27096774,1
9/1/2007,,,4,6,28.3,26,3.1,0,93.5,149.3,728.6,8.1,25.84666667,1
8/1/2007,,,8,6,16.4,43,4,0,92.2,81.8,480.8,11.9,26.27096774,1
9/1/2007,,,4,4,26.4,21,4.5,0,92.9,133.3,699.6,9.2,25.84666667,1
9/1/2007,,,1,5,27.8,27,3.1,0,93.5,149.3,728.6,8.1,25.84666667,1
9/1/2007,,,6,4,18.7,43,2.7,0,91,129.5,692.6,7,25.84666667,1
9/1/2007,,,9,4,24.3,36,3.1,0,84.4,73.4,671.9,3.2,25.84666667,1
9/1/2007,,,4,5,17.7,25,3.1,0,92.5,121.1,674.4,8.6,25.84666667,1
8/1/2007,,,8,6,19.6,41,5.8,0,91.4,142.4,601.4,10.6,26.27096774,1
9/1/2007,,,2,2,18.2,46,1.8,0,92.5,121.1,674.4,8.6,25.84666667,1
9/1/2007,,,1,2,18.8,40,2.2,0,91,129.5,692.6,7,25.84666667,1
9/1/2007,,,6,5,25.1,27,4,0,92.5,121.1,674.4,8.6,25.84666667,1
4/1/2007,,,7,5,13.4,75,1.8,0,81.9,3,7.9,3.5,27.63,1
4/1/2007,,,6,3,15.2,51,2.7,0,88,17.2,43.5,3.8,27.63,1
4/1/2007,,,4,4,16.7,20,3.1,0,83,23.3,85.3,2.3,27.63,1
8/1/2007,,,2,4,15.4,66,4,0,94.2,122.3,589.9,12.9,26.27096774,1
8/1/2007,,,7,4,21.9,73,7.6,1,91.8,175.1,700.7,13.8,26.27096774,1
8/1/2007,,,2,4,22.4,54,7.6,0,91.8,175.1,700.7,13.8,26.27096774,1
8/1/2007,,,3,4,26.8,38,6.3,0,91.8,175.1,700.7,13.8,26.27096774,1
8/1/2007,,,5,4,25.7,39,5.4,0,91.8,175.1,700.7,13.8,26.27096774,1
8/1/2007,,,2,4,20.7,70,2.2,0,92.2,91.6,503.6,9.6,26.27096774,1
8/1/2007,,,8,6,28.7,28,2.7,0,93.1,157.3,666.7,13.5,26.27096774,1
8/1/2007,,,3,4,21.7,40,0.4,0,93.1,157.3,666.7,13.5,26.27096774,1
8/1/2007,,,8,5,26.8,25,3.1,0,93.1,157.3,666.7,13.5,26.27096774,1
8/1/2007,,,8,5,24,36,3.1,0,93.1,157.3,666.7,13.5,26.27096774,1
8/1/2007,,,6,5,22.1,37,3.6,0,93.1,157.3,666.7,13.5,26.27096774,1
8/1/2007,,,7,4,21.4,38,2.7,0,91.9,109.2,565.5,8,26.27096774,1
8/1/2007,,,6,3,18.9,41,3.1,0,91.6,138.1,621.7,6.3,26.27096774,1
8/1/2007,,,2,5,22.3,46,4,0,87.5,77,694.8,5,26.27096774,1
8/1/2007,,,8,6,23.9,41,2.2,0,94.2,117.2,581.1,11,26.27096774,1
8/1/2007,,,4,3,21.4,44,2.7,0,94.2,117.2,581.1,11,26.27096774,1
8/1/2007,,,3,4,20.6,59,0.9,0,91.8,170.9,692.3,13.7,26.27096774,1
8/1/2007,,,7,4,23.7,40,1.8,0,91.8,170.9,692.3,13.7,26.27096774,1
8/1/2007,,,2,4,28.3,32,4,0,93.6,97.9,542,14.4,26.27096774,1
8/1/2007,,,3,4,11.2,84,7.6,0,91.6,112.4,573,8.9,26.27096774,1
8/1/2007,,,2,4,21.4,42,3.1,0,91.6,112.4,573,8.9,26.27096774,1
8/1/2007,,,6,3,19.3,39,3.6,0,91.1,141.1,629.1,7.1,26.27096774,1
8/1/2007,,,4,4,21.8,53,3.1,0,94.3,167.6,684.4,13,26.27096774,1
8/1/2007,,,4,4,22.1,54,7.6,0,93.7,102.2,550.3,14.6,26.27096774,1
8/1/2007,,,6,5,19.4,55,4,0,94.3,131.7,607.1,22.7,26.27096774,1
8/1/2007,,,2,2,23.7,24,3.1,0,92.1,152.6,658.2,14.3,26.27096774,1
8/1/2007,,,3,4,21,32,3.1,0,92.1,152.6,658.2,14.3,26.27096774,1
8/1/2007,,,4,4,19.1,53,2.7,0,92.1,152.6,658.2,14.3,26.27096774,1
8/1/2007,,,2,2,21.8,56,3.1,0,92.1,152.6,658.2,14.3,26.27096774,1
8/1/2007,,,8,6,20.1,58,4.5,0,92.1,152.6,658.2,14.3,26.27096774,1
8/1/2007,,,2,5,20.2,47,4,0,92.1,152.6,658.2,14.3,26.27096774,1
12/1/2007,,,4,6,4.8,57,8.5,0,84.4,27.2,353.5,6.8,25.39677419,1
12/1/2007,,,8,6,5.1,61,8,0,84,27.8,354.6,5.3,25.39677419,1
12/1/2007,,,4,6,5.1,61,4.9,0,84.6,26.4,352,2,25.39677419,1
12/1/2007,,,4,4,4.6,21,8.5,0,85.4,25.4,349.7,2.6,25.39677419,1
12/1/2007,,,3,4,4.6,21,8.5,0,85.4,25.4,349.7,2.6,25.39677419,1
12/1/2007,,,4,4,4.6,21,8.5,0,85.4,25.4,349.7,2.6,25.39677419,1
12/1/2007,,,4,4,4.6,21,8.5,0,85.4,25.4,349.7,2.6,25.39677419,1
12/1/2007,,,4,6,2.2,59,4.9,0,84.7,26.7,352.6,4.1,25.39677419,1
12/1/2007,,,6,5,5.1,24,8.5,0,85.4,25.4,349.7,2.6,25.39677419,1
2/1/2007,,,6,3,4.2,51,4,0,84.9,27.5,353.5,3.4,26.78928571,1
2/1/2007,,,3,4,8.8,35,3.1,0,86.9,6.6,18.7,3.2,26.78928571,1
2/1/2007,,,5,4,7.5,46,8,0,85.2,4.9,15.8,6.3,26.78928571,1
7/1/2007,,,2,5,23.4,40,6.3,0,93.9,169.7,411.8,12.3,26.91612903,1
7/1/2007,,,7,6,12.6,90,7.6,0.2,91.2,183.1,437.7,12.5,26.91612903,1
7/1/2007,,,7,4,22.1,49,2.7,0,91.6,104.2,474.9,9,26.91612903,1
7/1/2007,,,7,4,24.2,32,1.8,0,91.6,104.2,474.9,9,26.91612903,1
7/1/2007,,,7,4,24.3,30,1.8,0,91.6,104.2,474.9,9,26.91612903,1
7/1/2007,,,2,5,18.7,53,1.8,0,91.6,104.2,474.9,9,26.91612903,1
7/1/2007,,,9,4,25.3,39,0.9,0,91.6,104.2,474.9,9,26.91612903,1
7/1/2007,,,4,5,22.9,40,1.3,0,91.6,100.2,466.3,6.3,26.91612903,1
7/1/2007,,,7,6,26.9,28,5.4,0,93.1,180.4,430.8,11,26.91612903,1
7/1/2007,,,8,6,17.1,67,3.6,0,92.3,88.8,440.9,8.5,26.91612903,1
6/1/2007,,,7,5,22.2,48,1.3,0,93.1,180.4,430.8,11,27.53666667,1
6/1/2007,,,6,4,14.3,46,1.8,0,90.4,89.5,290.8,6.4,27.53666667,1
6/1/2007,,,8,6,15.4,45,2.2,0,90.4,89.5,290.8,6.4,27.53666667,1
6/1/2007,,,8,6,19.6,43,4.9,0,91.2,147.8,377.2,12.7,27.53666667,1
6/1/2007,,,6,5,10.6,90,2.7,0,53.4,71,233.8,0.4,27.53666667,1
6/1/2007,,,6,5,20.7,25,4.9,0,90.4,93.3,298.1,7.5,27.53666667,1
6/1/2007,,,6,5,19.1,39,5.4,0,90.4,93.3,298.1,7.5,27.53666667,1
6/1/2007,,,3,6,19.2,38,4.5,0,91.1,94.1,232.1,7.1,27.53666667,1
6/1/2007,,,3,6,19.2,38,4.5,0,91.1,94.1,232.1,7.1,27.53666667,1
5/1/2007,,,6,5,11.3,94,4.9,0,85.1,28,113.8,3.5,27.37419355,1
9/1/2007,,,1,4,19,52,2.2,0,89.6,84.1,714.3,5.7,25.84666667,1
9/1/2007,,,7,4,17.1,53,5.4,0,89.6,84.1,714.3,5.7,25.84666667,1
9/1/2007,,,3,4,23.8,35,3.6,0,89.6,84.1,714.3,5.7,25.84666667,1
9/1/2007,,,2,4,16,45,1.8,0,92.4,105.8,758.1,9.9,25.84666667,1
9/1/2007,,,2,4,24.9,27,2.2,0,92.4,105.8,758.1,9.9,25.84666667,1
9/1/2007,,,7,4,25.3,27,2.7,0,92.4,105.8,758.1,9.9,25.84666667,1
9/1/2007,,,6,3,24.8,28,1.8,0,92.4,105.8,758.1,9.9,25.84666667,1
9/1/2007,,,2,4,12.2,78,6.3,0,50.4,46.2,706.6,0.4,25.84666667,1
9/1/2007,,,6,5,24.3,27,4.9,0,92.6,115.4,777.1,8.8,25.84666667,1
9/1/2007,,,4,4,19.7,41,1.8,0,92.6,115.4,777.1,8.8,25.84666667,1
9/1/2007,,,3,4,18.5,30,2.7,0,91.2,134.7,817.5,7.2,25.84666667,1
9/1/2007,,,4,5,18.6,24,5.8,0,92.4,96.2,739.4,8.6,25.84666667,1
9/1/2007,,,4,4,19.2,24,4.9,0,92.4,96.2,739.4,8.6,25.84666667,1
9/1/2007,,,6,5,21.6,27,2.2,0,92.8,119,783.5,7.5,25.84666667,1
9/1/2007,,,5,4,21.6,28,6.3,0,92.8,119,783.5,7.5,25.84666667,1
9/1/2007,,,6,3,18.9,34,7.2,0,92.8,119,783.5,7.5,25.84666667,1
9/1/2007,,,1,4,16.8,28,4,0,92.8,119,783.5,7.5,25.84666667,1
9/1/2007,,,6,5,16.8,28,4,0,92.8,119,783.5,7.5,25.84666667,1
9/1/2007,,,3,5,12.9,39,2.7,0,90.7,136.9,822.8,6.8,25.84666667,1
9/1/2007,,,6,5,13.7,56,1.8,0,88.1,53.3,726.9,5.4,25.84666667,1
9/1/2007,,,1,4,24.2,27,3.1,0,92.2,102.3,751.5,8.4,25.84666667,1
9/1/2007,,,5,4,24.1,27,3.1,0,92.2,102.3,751.5,8.4,25.84666667,1
9/1/2007,,,6,5,21.2,32,2.2,0,92.2,102.3,751.5,8.4,25.84666667,1
9/1/2007,,,6,5,19.7,35,1.8,0,92.2,102.3,751.5,8.4,25.84666667,1
9/1/2007,,,4,3,23.5,27,4,0,92.2,102.3,751.5,8.4,25.84666667,1
9/1/2007,,,3,3,24.2,27,3.1,0,92.2,102.3,751.5,8.4,25.84666667,1
9/1/2007,,,7,4,21.5,28,4.5,0,91.2,124.4,795.3,8.5,25.84666667,1
9/1/2007,,,4,4,17.1,41,2.2,0,91.2,124.4,795.3,8.5,25.84666667,1
9/1/2007,,,1,4,18.1,54,3.1,0,92.1,87.7,721.1,9.5,25.84666667,1
9/1/2007,,,2,3,18,51,5.4,0,91.6,108.4,764,6.2,25.84666667,1
9/1/2007,,,4,3,9.8,86,1.8,0,91.6,108.4,764,6.2,25.84666667,1
9/1/2007,,,7,4,19.3,44,2.2,0,91.6,108.4,764,6.2,25.84666667,1
9/1/2007,,,6,3,23,34,2.2,0,91.6,108.4,764,6.2,25.84666667,1
9/1/2007,,,8,6,22.7,35,2.2,0,91.6,108.4,764,6.2,25.84666667,1
9/1/2007,,,2,4,20.4,41,1.8,0,91.6,108.4,764,6.2,25.84666667,1
9/1/2007,,,2,5,19.3,44,2.2,0,91.6,108.4,764,6.2,25.84666667,1
9/1/2007,,,8,6,15.7,51,2.2,0,91.9,111.7,770.3,6.5,25.84666667,1
9/1/2007,,,6,3,20.6,37,1.8,0,91.5,130.1,807.1,7.5,25.84666667,1
9/1/2007,,,8,6,15.9,51,4.5,0,91.5,130.1,807.1,7.5,25.84666667,1
9/1/2007,,,6,3,12.2,66,4.9,0,91.5,130.1,807.1,7.5,25.84666667,1
9/1/2007,,,2,2,16.8,43,3.1,0,91.5,130.1,807.1,7.5,25.84666667,1
9/1/2007,,,1,4,21.3,35,2.2,0,91.5,130.1,807.1,7.5,25.84666667,1
9/1/2007,,,5,4,10.1,75,3.6,0,92.1,99,745.3,9.6,25.84666667,1
9/1/2007,,,3,4,17.4,57,4.5,0,92.1,99,745.3,9.6,25.84666667,1
9/1/2007,,,5,4,12.8,64,3.6,0,92.1,99,745.3,9.6,25.84666667,1
9/1/2007,,,5,4,10.1,75,3.6,0,92.1,99,745.3,9.6,25.84666667,1
9/1/2007,,,4,4,15.4,53,6.3,0,92.1,99,745.3,9.6,25.84666667,1
9/1/2007,,,7,4,20.6,43,3.6,0,92.1,99,745.3,9.6,25.84666667,1
9/1/2007,,,7,4,19.8,47,2.7,0,92.1,99,745.3,9.6,25.84666667,1
9/1/2007,,,7,4,18.7,50,2.2,0,92.1,99,745.3,9.6,25.84666667,1
9/1/2007,,,4,4,20.8,35,4.9,0,92.1,99,745.3,9.6,25.84666667,1
9/1/2007,,,4,4,20.8,35,4.9,0,92.1,99,745.3,9.6,25.84666667,1
9/1/2007,,,6,3,15.9,55,3.6,0,92.5,122,789.7,10.2,25.84666667,1
9/1/2007,,,6,3,19.7,39,2.7,0,92.5,122,789.7,10.2,25.84666667,1
9/1/2007,,,1,4,21.1,39,2.2,0,92.5,122,789.7,10.2,25.84666667,1
9/1/2007,,,6,5,18.4,42,2.2,0,92.5,122,789.7,10.2,25.84666667,1
9/1/2007,,,4,3,17.3,45,4,0,92.5,122,789.7,10.2,25.84666667,1
9/1/2007,,,7,4,15.2,64,3.1,0,88.2,55.2,732.3,11.6,25.84666667,1
9/1/2007,,,4,3,15.9,53,2.2,0,91.9,111.7,770.3,6.5,25.84666667,1
9/1/2007,,,6,5,21.1,35,2.7,0,91.9,111.7,770.3,6.5,25.84666667,1
9/1/2007,,,6,5,19.6,45,3.1,0,91.9,111.7,770.3,6.5,25.84666667,1
9/1/2007,,,4,5,15.9,38,5.4,0,91.1,132.3,812.1,12.5,25.84666667,1
9/1/2007,,,4,5,16.4,27,3.6,0,91.1,132.3,812.1,12.5,25.84666667,1
9/1/2007,,,6,5,16.8,47,4.9,0,91.2,94.3,744.4,8.4,25.84666667,1
9/1/2007,,,4,5,13.8,77,7.6,0,91,276.3,825.1,7.1,25.84666667,1
9/1/2007,,,7,4,13.8,77,7.6,0,91,276.3,825.1,7.1,25.84666667,1
7/1/2007,,,3,4,14.2,58,4,0,91.9,133.6,520.5,8,26.91612903,1
8/1/2007,,,4,5,10.4,75,0.9,0,92,203.2,664.5,8.1,26.27096774,1
8/1/2007,,,5,4,20.3,42,2.7,0,94.8,222.4,698.6,13.9,26.27096774,1
9/1/2007,,,6,5,10.3,78,4,0,90.3,290,855.3,7.4,25.84666667,1
9/1/2007,,,6,5,15.4,57,4.9,0,91.2,94.3,744.4,8.4,25.84666667,1
8/1/2007,,,8,6,21.1,54,2.2,0,92.1,207,672.6,8.2,26.27096774,1
8/1/2007,,,2,2,21.9,42,2.2,0,93.7,231.1,715.1,8.4,26.27096774,1
3/1/2007,,,6,5,8.7,51,5.8,0,90.9,18.9,30.6,8,27.01290323,1
1/1/2007,,,4,5,5.2,100,0.9,0,18.7,1.1,171.4,0,27.33870968,1
7/1/2007,,,5,4,19.3,39,7.2,0,93.7,101.3,458.8,11.9,26.91612903,1
8/1/2007,,,8,6,16.2,63,2.7,0,90.7,194.1,643,6.8,26.27096774,1
8/1/2007,,,8,6,28.2,29,1.8,0,95.2,217.7,690,18,26.27096774,1
8/1/2007,,,9,6,20.5,58,2.7,0,91.6,248.4,753.8,6.3,26.27096774,1
8/1/2007,,,8,4,21.3,44,4.5,0,91.6,273.8,819.1,7.7,26.27096774,1
8/1/2007,,,2,4,20.9,50,2.2,0,91.6,181.3,613,7.6,26.27096774,1
9/1/2007,,,3,4,20.6,55,5.4,0,90.5,96.7,750.5,11.4,25.84666667,1
3/1/2007,,,5,5,11.6,48,5.4,0,90.9,18.9,30.6,8,27.01290323,1
8/1/2007,,,6,4,23.3,34,3.1,0,94.8,227,706.7,12,26.27096774,1
8/1/2007,,,7,4,23.3,34,3.1,0,94.8,227,706.7,12,26.27096774,1
2/1/2007,,,7,4,7.5,71,6.3,0,84.7,9.5,58.3,4.1,26.78928571,1
9/1/2007,,,8,6,20.7,46,2.7,0,91.1,91.3,738.1,7.2,25.84666667,1
9/1/2007,,,1,3,21.9,43,4,0,91,276.3,825.1,7.1,25.84666667,1
3/1/2007,,,2,4,15.2,19,7.6,0,93.4,15,25.6,11.4,27.01290323,1
2/1/2007,,,6,5,5.3,68,1.8,0,84.1,4.6,46.7,2.2,26.78928571,1
2/1/2007,,,4,5,10.1,62,1.8,0,85,9,56.9,3.5,26.78928571,1
9/1/2007,,,4,3,20.4,55,4.9,0,90.5,96.7,750.5,11.4,25.84666667,1
8/1/2007,,,5,6,24.3,33,3.6,0,91.6,181.3,613,7.6,26.27096774,1
8/1/2007,,,1,2,25.9,32,3.1,0,93.7,231.1,715.1,8.4,26.27096774,1
6/1/2007,,,9,5,28,34,4.5,0,93.3,49.5,297.7,14,27.53666667,1
6/1/2007,,,9,5,28,34,4.5,0,93.3,49.5,297.7,14,27.53666667,1
9/1/2007,,,3,4,22.8,46,4,0,91.1,88.2,731.7,8.3,25.84666667,1
8/1/2007,,,9,9,25,36,4,0,94.8,227,706.7,12,26.27096774,1
8/1/2007,,,8,6,21.3,41,3.6,0,90.7,194.1,643,6.8,26.27096774,1
9/1/2007,,,2,4,21.8,34,2.2,0,87.9,84.8,725.1,3.7,25.84666667,1
8/1/2007,,,2,2,27.9,27,2.2,0,94.6,212.1,680.9,9.5,26.27096774,1
9/1/2007,,,6,5,17,67,4.9,0,87.1,291.3,860.6,4,25.84666667,1
2/1/2007,,,4,5,14.2,46,4,0,84.7,8.2,55,2.9,26.78928571,1
9/1/2007,,,4,3,19.9,44,3.1,0,90.3,290,855.3,7.4,25.84666667,1
7/1/2007,,,1,4,23.4,31,5.4,0,92.3,96.2,450.2,12.1,26.91612903,1
2/1/2007,,,6,3,14.7,42,2.7,0,84.1,7.3,52.8,2.7,26.78928571,1
2/1/2007,,,7,4,8.2,53,9.4,0,84.6,3.2,43.6,3.3,26.78928571,1
7/1/2007,,,9,4,22.8,27,4.5,0,92.3,92.1,442.1,9.8,26.91612903,1
8/1/2007,,,7,5,26.4,33,3.6,0,93.7,231.1,715.1,8.4,26.27096774,1
8/1/2007,,,5,4,24.1,50,4,0,93.6,235.1,723.1,10.1,26.27096774,1
8/1/2007,,,8,6,27.5,27,4.9,0,94.8,222.4,698.6,13.9,26.27096774,1
7/1/2007,,,6,3,26.3,39,3.1,0,92.7,164.1,575.8,8.9,26.91612903,1
3/1/2007,,,6,5,13.8,24,5.8,0,93.4,17.3,28.3,9.9,27.01290323,1
8/1/2007,,,2,4,24.9,42,5.4,0,92,203.2,664.5,8.1,26.27096774,1
8/1/2007,,,2,5,24.8,36,4,0,91.6,181.3,613,7.6,26.27096774,1
8/1/2007,,,8,8,26.2,36,4.5,0,91.7,191.4,635.9,7.8,26.27096774,1
8/1/2007,,,2,4,30.8,19,4.5,0,95.2,217.7,690,18,26.27096774,1
7/1/2007,,,8,6,29.3,27,3.6,0,88.9,263.1,795.9,5.2,26.91612903,1
9/1/2007,,,1,3,22.3,48,4,0,91.2,94.3,744.4,8.4,25.84666667,1
8/1/2007,,,8,6,26.9,31,3.6,0,93.7,231.1,715.1,8.4,26.27096774,1
8/1/2007,,,2,2,20.4,56,2.2,0,91.6,248.4,753.8,6.3,26.27096774,1
8/1/2007,,,8,6,20.4,56,2.2,0,91.6,248.4,753.8,6.3,26.27096774,1
8/1/2007,,,2,4,27.9,33,2.2,0,92.1,207,672.6,8.2,26.27096774,1
8/1/2007,,,1,3,26.2,34,5.8,0,94.8,222.4,698.6,13.9,26.27096774,1
8/1/2007,,,3,4,24.6,44,4,0,91.6,181.3,613,7.6,26.27096774,1
9/1/2007,,,7,4,19.4,45,3.6,0,89.7,287.2,849.3,6.8,25.84666667,1
8/1/2007,,,1,3,23.3,40,4,0,92.1,178,605.3,9.6,26.27096774,1
8/1/2007,,,8,6,23.9,38,6.7,0,94.8,222.4,698.6,13.9,26.27096774,1
8/1/2007,,,2,4,20.9,66,4.9,0,93.6,235.1,723.1,10.1,26.27096774,1
8/1/2007,,,1,4,22.2,45,3.6,0,90.6,269.8,811.2,5.5,26.27096774,1
7/1/2007,,,2,5,23.8,51,1.8,0,90.8,84.7,376.6,5.6,26.91612903,1
8/1/2007,,,8,6,26.8,35,1.3,0,92.1,207,672.6,8.2,26.27096774,1
8/1/2007,,,8,6,14.2,73,2.7,0,89.4,253.6,768.4,9.7,26.27096774,1
8/1/2007,,,2,5,23.6,53,4,0,93.7,231.1,715.1,8.4,26.27096774,1
9/1/2007,,,1,3,19.1,46,2.2,0,91.1,91.3,738.1,7.2,25.84666667,1
9/1/2007,,,5,4,16.2,58,3.6,0,90.3,290,855.3,7.4,25.84666667,1
8/1/2007,,,8,6,25.5,29,1.8,0,92.1,207,672.6,8.2,26.27096774,1
4/1/2007,,,6,5,10.9,64,3.1,0,87.9,24.9,41.6,3.7,27.63,1
7/1/2007,,,1,2,14.8,78,8,0,90.7,80.9,368.3,16.8,26.91612903,1
9/1/2007,,,2,5,16.2,58,3.6,0,90.3,290,855.3,7.4,25.84666667,1
8/1/2007,,,5,5,17.3,80,4.5,0,94,47.9,100.7,10.7,26.27096774,1
8/1/2007,,,6,5,19.1,70,2.2,0,92,203.2,664.5,8.1,26.27096774,1
3/1/2007,,,3,4,8.9,35,8,0,93.4,17.3,28.3,9.9,27.01290323,1
9/1/2007,,,7,4,10.5,77,4,0,89.7,284.9,844,10.1,25.84666667,1
8/1/2007,,,7,4,19.3,61,4.9,0,91.6,181.3,613,7.6,26.27096774,1
8/1/2007,,,4,5,23.4,49,5.4,0,95.2,217.7,690,18,26.27096774,1
8/1/2007,,,1,4,11.8,88,4.9,0,90.5,196.8,649.9,16.3,26.27096774,1
8/1/2007,,,7,4,17.7,65,4,0,91.5,238.2,730.6,7.5,26.27096774,1
8/1/2007,,,4,5,17.4,54,3.1,0,89.4,266.2,803.3,5.6,26.27096774,1
8/1/2007,,,3,4,16.8,56,3.1,0,91.6,248.4,753.8,6.3,26.27096774,1
7/1/2007,,,3,4,17.9,48,2.7,0,94.6,160,567.2,16.7,26.91612903,1
8/1/2007,,,2,4,16.6,59,2.7,0,91.6,248.4,753.8,6.3,26.27096774,1
8/1/2007,,,1,4,19.9,50,4,0,91.7,191.4,635.9,7.8,26.27096774,1
8/1/2007,,,8,6,18.9,64,4.9,0,93.7,231.1,715.1,8.4,26.27096774,1
8/1/2007,,,7,4,15.5,72,8,0,91.6,273.8,819.1,7.7,26.27096774,1
8/1/2007,,,2,5,18.9,64,4.9,0,93.7,231.1,715.1,8.4,26.27096774,1
8/1/2007,,,8,6,18.9,64,4.9,0,93.7,231.1,715.1,8.4,26.27096774,1
9/1/2007,,,1,4,14.5,76,7.6,0,91,276.3,825.1,7.1,25.84666667,1
2/1/2007,,,6,5,4.6,82,6.3,0,75.1,4.4,16.2,1.9,26.78928571,1
2/1/2007,,,6,4,5.1,77,5.4,0,75.1,4.4,16.2,1.9,26.78928571,1
2/1/2007,,,2,2,4.6,59,0.9,0,79.5,3.6,15.3,1.8,26.78928571,1
3/1/2007,,,6,5,10.2,45,5.8,0,87.2,15.1,36.9,7.1,27.01290323,1
3/1/2007,,,3,4,11.2,41,5.4,0,90.2,18.5,41.1,7.3,27.01290323,1
3/1/2007,,,6,5,13.3,27,3.6,0,91.3,20.6,43.5,8.5,27.01290323,1
4/1/2007,,,6,3,13.7,33,9.4,0,91,14.6,25.6,12.3,27.63,1
4/1/2007,,,5,4,17.6,27,5.8,0,91,14.6,25.6,12.3,27.63,1
5/1/2007,,,4,3,18,40,4,0,89.6,25.4,73.7,5.7,27.37419355,1
6/1/2007,,,8,3,14.3,79,4,0,88.2,96.2,229,4.7,27.53666667,1
6/1/2007,,,9,4,24.5,50,3.1,0,90.5,61.1,252.6,9.4,27.53666667,1
6/1/2007,,,4,3,26.4,35,2.7,0,93,103.8,316.7,10.8,27.53666667,1
6/1/2007,,,2,5,22.7,40,9.4,0,93.7,121.7,350.2,18,27.53666667,1
7/1/2007,,,4,3,27.2,28,1.3,0,93.5,85.3,395,9.9,26.91612903,1
7/1/2007,,,4,3,26.1,45,4,0,93.7,101.3,423.4,14.7,26.91612903,1
7/1/2007,,,7,4,18.2,82,4.5,0,93.7,101.3,423.4,14.7,26.91612903,1
7/1/2007,,,7,4,22.6,57,4.9,0,89.2,103.9,431.6,6.4,26.91612903,1
7/1/2007,,,9,9,30.2,25,4.5,0,93.2,114.4,560,9.5,26.91612903,1
7/1/2007,,,4,3,30.2,22,4.9,0,93.2,114.4,560,9.5,26.91612903,1
8/1/2007,,,3,4,23.4,40,5.8,0,94.9,130.3,587.1,14.1,26.27096774,1
8/1/2007,,,8,6,31,27,5.4,0,94.9,130.3,587.1,14.1,26.27096774,1
8/1/2007,,,2,5,33.1,25,4,0,94.9,130.3,587.1,14.1,26.27096774,1
8/1/2007,,,2,4,30.6,28,3.6,0,95,135.5,596.3,21.3,26.27096774,1
8/1/2007,,,5,4,24.1,43,6.3,0,95.1,141.3,605.8,17.7,26.27096774,1
8/1/2007,,,5,4,26.4,34,3.6,0,95.1,141.3,605.8,17.7,26.27096774,1
8/1/2007,,,4,4,19.4,71,7.6,0,95.1,141.3,605.8,17.7,26.27096774,1
8/1/2007,,,4,4,20.6,58,1.3,0,95.1,141.3,605.8,17.7,26.27096774,1
8/1/2007,,,4,4,28.7,33,4,0,95.1,141.3,605.8,17.7,26.27096774,1
8/1/2007,,,4,4,32.4,21,4.5,0,95.8,152,624.1,13.8,26.27096774,1
8/1/2007,,,1,3,32.4,27,2.2,0,95.9,158,633.6,11.3,26.27096774,1
8/1/2007,,,1,3,27.5,29,4.5,0,95.9,158,633.6,11.3,26.27096774,1
8/1/2007,,,6,6,30.8,30,4.9,0,96,164,643,14,26.27096774,1
8/1/2007,,,6,6,23.9,42,2.2,0,96.2,175.5,661.8,16.8,26.27096774,1
8/1/2007,,,4,5,32.6,26,3.1,0,96.2,175.5,661.8,16.8,26.27096774,1
8/1/2007,,,3,4,32.3,27,2.2,0,96.1,181.1,671.2,14.3,26.27096774,1
8/1/2007,,,6,5,33.3,26,2.7,0,96.1,181.1,671.2,14.3,26.27096774,1
8/1/2007,,,7,5,27.3,63,4.9,6.4,96.1,181.1,671.2,14.3,26.27096774,1
8/1/2007,,,8,6,21.6,65,4.9,0.8,96.1,181.1,671.2,14.3,26.27096774,1
8/1/2007,,,7,5,21.6,65,4.9,0.8,96.1,181.1,671.2,14.3,26.27096774,1
8/1/2007,,,4,4,20.7,69,4.9,0.4,96.1,181.1,671.2,14.3,26.27096774,1
8/1/2007,,,2,4,29.2,30,4.9,0,94.5,139.4,689.1,20,26.27096774,1
8/1/2007,,,4,3,28.9,29,4.9,0,94.5,139.4,689.1,20,26.27096774,1
8/1/2007,,,1,2,26.7,35,1.8,0,91,163.2,744.4,10.1,26.27096774,1
8/1/2007,,,1,2,18.5,73,8.5,0,91,166.9,752.6,7.1,26.27096774,1
8/1/2007,,,2,4,25.9,41,3.6,0,91,166.9,752.6,7.1,26.27096774,1
8/1/2007,,,1,2,25.9,41,3.6,0,91,166.9,752.6,7.1,26.27096774,1
8/1/2007,,,5,4,21.1,71,7.6,1.4,91,166.9,752.6,7.1,26.27096774,1
8/1/2007,,,6,5,18.2,62,5.4,0,91,166.9,752.6,7.1,26.27096774,1
8/1/2007,,,8,6,27.8,35,2.7,0,81.6,56.7,665.6,1.9,26.27096774,1
8/1/2007,,,4,3,27.8,32,2.7,0,81.6,56.7,665.6,1.9,26.27096774,1
8/1/2007,,,2,4,21.9,71,5.8,0,81.6,56.7,665.6,1.9,26.27096774,1
8/1/2007,,,7,4,21.2,70,6.7,0,81.6,56.7,665.6,1.9,26.27096774,1
8/1/2007,,,1,4,25.6,42,4,0,94.4,146,614.7,11.3,26.27096774,1
11/1/2007,,,6,3,11.8,31,4.5,0,79.5,3,106.7,1.1,25.35,1
